Gmt time,Open,High,Low,Close
2014-11-28 00:00:00,363.59,381.34,360.57,376.28
2014-11-29 00:00:00,376.42,386.6,372.25,376.72
2014-11-30 00:00:00,376.57,381.99,373.32,373.34
2014-12-01 00:00:00,376.4,382.31,373.03,378.39
2014-12-02 00:00:00,378.39,382.86,375.23,379.25
2014-12-03 00:00:00,379.25,383.0,374.23,376.67
2014-12-04 00:00:00,376.67,378.99,360.01,365.2
2014-12-05 00:00:00,365.2,377.89,363.99,374.95
2014-12-06 00:00:00,374.95,376.99,371.31,375.07
2014-12-07 00:00:00,375.07,377.5,373.16,376.87
2014-12-08 00:00:00,376.87,377.45,364.6,364.61
2014-12-09 00:00:00,364.61,365.48,343.97,350.49
2014-12-10 00:00:00,350.49,353.74,347.23,348.13
2014-12-11 00:00:00,348.13,364.43,339.8,348.98
2014-12-12 00:00:00,348.98,358.59,348.0,354.48
2014-12-13 00:00:00,354.48,354.95,347.03,351.45
2014-12-14 00:00:00,351.45,351.98,348.96,350.17
2014-12-15 00:00:00,350.17,350.17,350.17,350.17
2014-12-16 00:00:00,350.17,350.17,330.0,330.02
2014-12-17 00:00:00,331.56,335.99,315.23,321.1
2014-12-18 00:00:00,321.32,325.61,304.99,312.17
2014-12-19 00:00:00,310.48,320.0,307.11,318.0
2014-12-20 00:00:00,317.23,333.0,316.52,329.99
2014-12-21 00:00:00,332.58,332.98,318.78,323.15
2014-12-22 00:00:00,322.24,333.99,319.9,330.52
2014-12-23 00:00:00,330.52,338.99,327.49,335.49
2014-12-24 00:00:00,337.0,337.0,320.92,322.14
2014-12-25 00:00:00,320.92,324.23,316.63,319.39
2014-12-26 00:00:00,319.0,332.0,316.64,330.88
2014-12-27 00:00:00,330.97,330.97,311.63,315.89
2014-12-28 00:00:00,315.89,319.56,311.22,316.63
2014-12-29 00:00:00,316.63,320.14,311.61,314.78
2014-12-30 00:00:00,314.78,316.77,310.0,311.94
2014-12-31 00:00:00,311.94,320.0,310.69,319.25
2015-01-01 00:00:00,319.25,321.0,312.6,316.31
2015-01-02 00:00:00,316.31,317.01,311.96,316.51
2015-01-03 00:00:00,316.51,316.58,285.0,286.01
2015-01-04 00:00:00,286.01,289.81,255.0,264.62
2015-01-05 00:00:00,264.62,280.0,262.94,276.8
2015-01-06 00:00:00,276.8,276.8,276.8,276.8
2015-01-07 00:00:00,276.8,276.8,276.8,276.8
2015-01-08 00:00:00,276.8,276.8,276.8,276.8
2015-01-09 00:00:00,276.8,276.8,276.8,276.8
2015-01-10 00:00:00,276.8,276.8,276.8,276.8
2015-01-11 00:00:00,276.8,276.8,276.8,276.8
2015-01-12 00:00:00,270.4,272.43,263.54,268.16
2015-01-13 00:00:00,268.16,268.72,216.0,221.0
2015-01-14 00:00:00,221.0,230.89,152.4,162.0
2015-01-15 00:00:00,162.0,233.9,161.1,208.81
2015-01-16 00:00:00,214.77,223.15,198.04,206.6
2015-01-17 00:00:00,206.6,212.84,192.17,200.1
2015-01-18 00:00:00,200.1,222.0,195.02,211.42
2015-01-19 00:00:00,210.05,220.94,207.7,216.88
2015-01-20 00:00:00,217.84,217.84,201.98,211.08
2015-01-21 00:00:00,211.08,228.9,205.0,228.59
2015-01-22 00:00:00,228.59,239.0,226.01,233.0
2015-01-23 00:00:00,233.0,240.0,225.55,233.03
2015-01-24 00:00:00,233.03,249.99,230.03,249.99
2015-01-25 00:00:00,249.99,257.0,241.33,253.09
2015-01-26 00:00:00,253.09,309.9,253.09,269.5
2015-01-27 00:00:00,269.5,278.51,243.1,262.99
2015-01-28 00:00:00,262.99,266.45,225.91,236.2
2015-01-29 00:00:00,236.2,242.18,220.0,234.75
2015-01-30 00:00:00,234.75,244.98,227.26,232.6
2015-01-31 00:00:00,232.6,234.8,215.75,217.98
2015-02-01 00:00:00,217.98,220.81,208.48,214.8
2015-02-02 00:00:00,214.8,241.98,214.8,237.97
2015-02-03 00:00:00,237.97,244.39,223.79,227.35
2015-02-04 00:00:00,227.35,231.0,220.02,227.0
2015-02-05 00:00:00,227.0,228.94,213.64,217.0
2015-02-06 00:00:00,216.81,225.86,214.95,222.88
2015-02-07 00:00:00,223.37,231.14,221.77,228.61
2015-02-08 00:00:00,228.3,232.89,219.7,224.19
2015-02-09 00:00:00,224.19,225.99,215.0,220.72
2015-02-10 00:00:00,220.72,222.0,215.0,220.95
2015-02-11 00:00:00,220.95,223.43,217.99,219.12
2015-02-12 00:00:00,219.55,223.07,218.17,222.46
2015-02-13 00:00:00,223.0,242.35,221.37,236.86
2015-02-14 00:00:00,237.0,259.31,236.9,257.9
2015-02-15 00:00:00,256.99,265.89,227.75,234.01
2015-02-16 00:00:00,234.01,241.23,229.2,236.55
2015-02-17 00:00:00,236.55,248.78,232.01,244.96
2015-02-18 00:00:00,244.96,247.0,232.24,235.79
2015-02-19 00:00:00,237.37,245.01,235.66,242.67
2015-02-20 00:00:00,240.59,248.96,239.41,246.1
2015-02-21 00:00:00,245.48,247.48,244.0,245.87
2015-02-22 00:00:00,245.41,247.42,232.48,236.68
2015-02-23 00:00:00,236.68,240.66,232.05,238.92
2015-02-24 00:00:00,239.65,240.88,236.3,239.69
2015-02-25 00:00:00,239.94,240.61,236.0,238.0
2015-02-26 00:00:00,237.97,238.55,234.01,236.7
2015-02-27 00:00:00,236.7,256.15,236.16,253.06
2015-02-28 00:00:00,253.06,254.29,245.2,252.98
2015-03-01 00:00:00,253.47,260.0,245.0,255.81
2015-03-02 00:00:00,258.34,274.81,256.0,274.0
2015-03-03 00:00:00,274.0,284.95,265.89,279.0
2015-03-04 00:00:00,279.0,283.88,264.94,269.83
2015-03-05 00:00:00,269.83,280.5,262.2,273.8
2015-03-06 00:00:00,273.8,276.46,269.0,273.26
2015-03-07 00:00:00,273.26,279.48,270.0,275.59
2015-03-08 00:00:00,275.59,277.59,271.12,274.89
2015-03-09 00:00:00,274.89,289.0,274.17,287.0
2015-03-10 00:00:00,287.0,296.8,283.96,290.24
2015-03-11 00:00:00,290.24,296.74,285.83,295.11
2015-03-12 00:00:00,295.11,297.95,289.0,295.56
2015-03-13 00:00:00,295.56,295.84,282.99,284.4
2015-03-14 00:00:00,284.4,287.69,280.46,282.7
2015-03-15 00:00:00,282.7,287.75,281.42,286.4
2015-03-16 00:00:00,286.4,294.26,285.78,289.7
2015-03-17 00:00:00,289.7,292.99,281.9,284.46
2015-03-18 00:00:00,284.46,284.48,249.02,257.29
2015-03-19 00:00:00,257.29,265.95,249.0,262.01
2015-03-20 00:00:00,262.01,265.27,257.0,262.09
2015-03-21 00:00:00,262.09,262.62,256.25,259.8
2015-03-22 00:00:00,259.8,272.0,259.24,269.39
2015-03-23 00:00:00,269.39,270.07,259.5,265.84
2015-03-24 00:00:00,265.84,266.52,241.84,246.93
2015-03-25 00:00:00,246.93,250.0,236.4,247.68
2015-03-26 00:00:00,247.68,253.75,244.91,249.46
2015-03-27 00:00:00,249.46,250.52,245.12,248.09
2015-03-28 00:00:00,248.09,253.83,247.17,252.31
2015-03-29 00:00:00,252.31,252.96,239.96,242.19
2015-03-30 00:00:00,242.19,248.86,236.52,247.69
2015-03-31 00:00:00,247.69,248.59,238.55,243.98
2015-04-01 00:00:00,243.98,246.83,239.32,245.98
2015-04-02 00:00:00,245.98,256.96,244.52,253.16
2015-04-03 00:00:00,253.16,256.67,251.23,253.79
2015-04-04 00:00:00,253.79,255.85,250.76,253.45
2015-04-05 00:00:00,253.45,261.0,251.65,260.5
2015-04-06 00:00:00,260.5,262.98,254.0,255.83
2015-04-07 00:00:00,255.83,256.62,251.5,254.45
2015-04-08 00:00:00,254.45,254.96,243.06,244.09
2015-04-09 00:00:00,244.09,246.3,238.47,243.53
2015-04-10 00:00:00,243.53,243.94,231.0,234.77
2015-04-11 00:00:00,234.77,239.42,233.0,237.34
2015-04-12 00:00:00,237.34,237.5,233.42,236.3
2015-04-13 00:00:00,236.3,236.9,219.64,222.87
2015-04-14 00:00:00,222.87,224.79,210.0,216.42
2015-04-15 00:00:00,216.42,222.43,214.05,221.51
2015-04-16 00:00:00,221.51,229.67,221.51,227.59
2015-04-17 00:00:00,227.59,228.29,220.0,221.86
2015-04-18 00:00:00,221.86,224.72,220.32,223.14
2015-04-19 00:00:00,223.14,227.35,221.91,222.89
2015-04-20 00:00:00,222.89,226.51,221.43,224.07
2015-04-21 00:00:00,224.07,235.61,223.91,234.13
2015-04-22 00:00:00,234.13,238.64,229.1,233.0
2015-04-23 00:00:00,233.0,236.22,232.01,235.14
2015-04-24 00:00:00,235.14,236.0,228.0,231.06
2015-04-25 00:00:00,231.06,232.29,225.7,226.28
2015-04-26 00:00:00,226.28,227.26,214.98,219.49
2015-04-27 00:00:00,219.49,229.93,217.52,226.01
2015-04-28 00:00:00,226.01,228.06,221.45,225.11
2015-04-29 00:00:00,225.11,226.99,221.81,225.49
2015-04-30 00:00:00,225.49,240.0,224.6,235.75
2015-05-01 00:00:00,235.75,239.23,231.04,231.96
2015-05-02 00:00:00,231.96,234.9,229.87,233.9
2015-05-03 00:00:00,233.9,242.25,232.31,239.18
2015-05-04 00:00:00,239.18,242.2,236.07,237.93
2015-05-05 00:00:00,237.93,238.99,229.66,234.37
2015-05-06 00:00:00,234.37,235.98,227.01,229.78
2015-05-07 00:00:00,229.78,240.0,227.35,236.82
2015-05-08 00:00:00,236.82,246.57,235.29,243.16
2015-05-09 00:00:00,243.16,247.01,238.62,241.4
2015-05-10 00:00:00,241.4,244.99,238.02,239.08
2015-05-11 00:00:00,239.08,241.0,237.99,239.0
2015-05-12 00:00:00,240.06,242.0,238.56,241.3
2015-05-13 00:00:00,241.3,244.14,235.06,236.9
2015-05-14 00:00:00,236.9,239.7,232.22,236.95
2015-05-15 00:00:00,236.95,239.28,235.12,237.12
2015-05-16 00:00:00,237.12,237.4,234.0,235.6
2015-05-17 00:00:00,235.6,237.0,234.15,236.05
2015-05-18 00:00:00,236.05,236.94,231.44,232.24
2015-05-19 00:00:00,232.24,234.24,230.86,231.69
2015-05-20 00:00:00,231.69,234.86,231.0,233.8
2015-05-21 00:00:00,233.8,236.52,233.75,235.49
2015-05-22 00:00:00,235.49,240.9,232.92,238.99
2015-05-23 00:00:00,238.99,240.67,237.4,237.71
2015-05-24 00:00:00,237.71,241.64,237.66,239.68
2015-05-25 00:00:00,239.68,240.1,233.1,235.48
2015-05-26 00:00:00,235.48,236.23,235.0,236.21
2015-05-27 00:00:00,236.21,237.35,234.0,235.34
2015-05-28 00:00:00,235.34,236.8,234.87,236.46
2015-05-29 00:00:00,236.46,236.52,234.0,236.02
2015-05-30 00:00:00,236.02,236.21,231.0,232.07
2015-05-31 00:00:00,232.07,232.51,228.0,229.08
2015-06-01 00:00:00,229.08,231.2,220.65,223.67
2015-06-02 00:00:00,223.67,226.38,221.34,224.78
2015-06-03 00:00:00,224.78,226.99,222.57,225.11
2015-06-04 00:00:00,225.11,225.98,222.0,222.37
2015-06-05 00:00:00,222.37,225.9,219.03,224.49
2015-06-06 00:00:00,224.49,225.26,223.07,224.36
2015-06-07 00:00:00,224.36,225.48,221.86,222.86
2015-06-08 00:00:00,222.86,229.4,222.09,228.11
2015-06-09 00:00:00,228.11,230.79,226.67,229.49
2015-06-10 00:00:00,229.49,229.75,226.83,227.51
2015-06-11 00:00:00,227.51,229.57,227.25,229.01
2015-06-12 00:00:00,229.01,230.7,228.29,229.61
2015-06-13 00:00:00,229.61,232.03,228.06,231.51
2015-06-14 00:00:00,231.51,234.0,230.94,231.77
2015-06-15 00:00:00,231.77,237.09,231.55,235.92
2015-06-16 00:00:00,235.92,252.05,234.35,248.75
2015-06-17 00:00:00,248.75,257.39,243.2,245.78
2015-06-18 00:00:00,245.78,251.58,240.0,248.09
2015-06-19 00:00:00,248.09,249.93,242.14,243.42
2015-06-20 00:00:00,243.42,245.56,239.93,244.69
2015-06-21 00:00:00,244.69,245.0,241.06,243.37
2015-06-22 00:00:00,243.37,247.99,242.64,247.09
2015-06-23 00:00:00,247.09,247.25,242.14,243.78
2015-06-24 00:00:00,243.78,244.14,238.2,240.69
2015-06-25 00:00:00,240.69,242.9,239.18,241.65
2015-06-26 00:00:00,241.65,243.44,240.0,243.2
2015-06-27 00:00:00,243.2,252.0,242.36,251.17
2015-06-28 00:00:00,251.17,251.4,247.04,248.9
2015-06-29 00:00:00,248.9,256.94,248.15,256.38
2015-06-30 00:00:00,256.38,268.0,255.0,264.13
2015-07-01 00:00:00,264.13,265.25,253.81,257.07
2015-07-02 00:00:00,257.07,260.77,253.19,254.69
2015-07-03 00:00:00,254.69,256.44,252.4,255.86
2015-07-04 00:00:00,255.86,261.28,254.05,260.74
2015-07-05 00:00:00,260.74,274.74,258.75,270.33
2015-07-06 00:00:00,270.33,278.54,267.13,269.47
2015-07-07 00:00:00,269.47,271.69,264.01,266.18
2015-07-08 00:00:00,266.18,273.0,263.01,269.39
2015-07-09 00:00:00,269.39,271.98,265.92,269.65
2015-07-10 00:00:00,269.65,294.71,268.63,286.61
2015-07-11 00:00:00,286.61,298.05,283.88,292.02
2015-07-12 00:00:00,292.02,317.99,291.64,310.24
2015-07-13 00:00:00,310.24,310.73,281.0,292.0
2015-07-14 00:00:00,292.0,297.13,286.02,287.96
2015-07-15 00:00:00,287.96,293.7,285.4,285.55
2015-07-16 00:00:00,285.55,292.4,274.92,277.23
2015-07-17 00:00:00,278.27,280.73,272.31,279.43
2015-07-18 00:00:00,279.43,283.0,276.73,276.73
2015-07-19 00:00:00,276.73,278.1,275.12,275.5
2015-07-20 00:00:00,275.5,279.16,274.62,277.73
2015-07-21 00:00:00,277.73,281.07,276.28,276.48
2015-07-22 00:00:00,276.48,277.93,275.0,277.93
2015-07-23 00:00:00,277.93,278.55,275.79,276.67
2015-07-24 00:00:00,276.67,290.02,275.9,289.96
2015-07-25 00:00:00,289.96,292.0,286.5,289.34
2015-07-26 00:00:00,289.34,294.0,287.41,292.84
2015-07-27 00:00:00,292.84,297.44,286.43,294.27
2015-07-28 00:00:00,294.27,297.0,292.19,293.84
2015-07-29 00:00:00,293.84,294.67,287.27,289.63
2015-07-30 00:00:00,289.63,290.23,284.53,287.73
2015-07-31 00:00:00,287.73,289.0,281.8,284.39
2015-08-01 00:00:00,284.39,285.16,276.66,280.77
2015-08-02 00:00:00,280.77,282.9,276.57,281.5
2015-08-03 00:00:00,281.5,285.8,279.52,282.72
2015-08-04 00:00:00,282.72,285.88,280.26,284.65
2015-08-05 00:00:00,284.65,285.86,280.63,281.99
2015-08-06 00:00:00,281.99,281.99,281.99,281.99
2015-08-07 00:00:00,281.99,281.99,277.43,279.01
2015-08-08 00:00:00,279.01,279.97,260.41,261.71
2015-08-09 00:00:00,261.71,268.95,261.01,265.36
2015-08-10 00:00:00,265.36,266.79,261.6,264.33
2015-08-11 00:00:00,264.33,270.87,263.64,270.0
2015-08-12 00:00:00,270.0,271.5,265.71,268.51
2015-08-13 00:00:00,268.51,269.37,262.32,264.65
2015-08-14 00:00:00,264.65,266.99,262.0,265.71
2015-08-15 00:00:00,265.71,266.5,260.45,261.03
2015-08-16 00:00:00,261.03,262.2,254.01,256.09
2015-08-17 00:00:00,256.09,259.12,254.63,256.66
2015-08-18 00:00:00,256.66,256.99,245.05,246.0
2015-08-19 00:00:00,246.0,246.0,221.11,227.1
2015-08-20 00:00:00,227.1,236.66,226.01,235.95
2015-08-21 00:00:00,235.95,236.66,231.77,233.27
2015-08-22 00:00:00,233.27,235.2,223.01,230.47
2015-08-23 00:00:00,230.47,234.03,227.13,228.47
2015-08-24 00:00:00,228.47,228.99,207.73,211.79
2015-08-25 00:00:00,211.79,228.04,198.12,221.64
2015-08-26 00:00:00,221.64,231.09,219.77,225.17
2015-08-27 00:00:00,225.17,228.89,223.17,223.8
2015-08-28 00:00:00,223.8,235.93,220.29,232.09
2015-08-29 00:00:00,232.09,233.9,226.67,229.23
2015-08-30 00:00:00,229.23,232.75,225.04,228.43
2015-08-31 00:00:00,228.43,232.49,224.39,229.84
2015-09-01 00:00:00,229.84,231.67,226.17,227.65
2015-09-02 00:00:00,227.65,230.77,226.0,228.77
2015-09-03 00:00:00,228.77,229.96,226.5,226.79
2015-09-04 00:00:00,226.79,231.4,226.33,231.09
2015-09-05 00:00:00,231.09,237.22,229.23,235.45
2015-09-06 00:00:00,235.45,244.2,235.02,240.45
2015-09-07 00:00:00,240.45,242.91,238.44,240.12
2015-09-08 00:00:00,240.12,246.24,239.89,244.04
2015-09-09 00:00:00,244.04,244.22,237.01,237.96
2015-09-10 00:00:00,237.96,241.65,234.78,238.5
2015-09-11 00:00:00,238.5,240.94,237.5,239.94
2015-09-12 00:00:00,239.94,240.0,233.02,235.61
2015-09-13 00:00:00,235.61,236.09,228.0,230.17
2015-09-14 00:00:00,230.17,232.92,223.99,229.51
2015-09-15 00:00:00,229.51,231.21,226.5,229.3
2015-09-16 00:00:00,229.3,230.0,223.0,227.85
2015-09-17 00:00:00,227.85,235.0,227.0,232.44
2015-09-18 00:00:00,232.44,234.4,230.83,232.82
2015-09-19 00:00:00,232.82,233.76,229.98,230.23
2015-09-20 00:00:00,230.23,231.7,229.01,230.29
2015-09-21 00:00:00,230.29,230.34,225.0,225.93
2015-09-22 00:00:00,226.15,231.96,223.12,229.59
2015-09-23 00:00:00,230.08,231.5,228.0,229.41
2015-09-24 00:00:00,229.42,235.52,228.89,233.19
2015-09-25 00:00:00,233.88,237.25,232.56,235.13
2015-09-26 00:00:00,235.14,235.67,233.0,233.89
2015-09-27 00:00:00,233.81,234.61,231.16,231.91
2015-09-28 00:00:00,232.4,239.68,231.69,239.0
2015-09-29 00:00:00,239.14,240.56,235.09,236.71
2015-09-30 00:00:00,236.78,238.27,234.67,236.65
2015-10-01 00:00:00,236.19,239.44,235.01,237.52
2015-10-02 00:00:00,237.15,239.06,235.0,237.69
2015-10-03 00:00:00,237.77,239.86,236.3,238.77
2015-10-04 00:00:00,239.06,239.98,237.62,238.4
2015-10-05 00:00:00,238.6,240.57,236.1,240.53
2015-10-06 00:00:00,240.85,248.19,239.52,246.93
2015-10-07 00:00:00,246.79,247.65,242.3,243.47
2015-10-08 00:00:00,243.47,244.76,242.06,243.41
2015-10-09 00:00:00,243.29,244.95,242.16,244.49
2015-10-10 00:00:00,244.49,246.43,243.0,245.72
2015-10-11 00:00:00,245.71,248.5,244.53,247.83
2015-10-12 00:00:00,248.05,248.47,245.01,245.48
2015-10-13 00:00:00,245.81,250.89,242.82,248.69
2015-10-14 00:00:00,249.97,255.93,248.06,252.46
2015-10-15 00:00:00,252.47,256.5,250.3,254.44
2015-10-16 00:00:00,254.49,267.0,253.69,262.5
2015-10-17 00:00:00,263.09,273.0,260.8,268.99
2015-10-18 00:00:00,270.04,271.17,260.0,261.0
2015-10-19 00:00:00,260.99,266.01,259.82,264.43
2015-10-20 00:00:00,264.28,272.95,262.67,270.23
2015-10-21 00:00:00,270.3,272.69,264.0,267.8
2015-10-22 00:00:00,267.9,280.04,267.39,275.3
2015-10-23 00:00:00,275.12,280.19,273.46,277.71
2015-10-24 00:00:00,278.6,283.0,278.22,282.59
2015-10-25 00:00:00,283.03,296.0,282.2,288.27
2015-10-26 00:00:00,283.96,286.99,279.25,285.82
2015-10-27 00:00:00,286.9,300.0,286.15,295.17
2015-10-28 00:00:00,295.59,308.48,294.4,304.05
2015-10-29 00:00:00,304.77,319.6,301.7,313.73
2015-10-30 00:00:00,314.95,334.05,313.5,328.78
2015-10-31 00:00:00,328.15,334.67,302.99,310.06
2015-11-01 00:00:00,309.3,329.85,303.01,328.98
2015-11-02 00:00:00,325.78,369.02,320.0,361.98
2015-11-03 00:00:00,361.73,420.77,360.4,398.21
2015-11-04 00:00:00,404.55,502.0,368.11,404.3
2015-11-05 00:00:00,407.99,448.79,364.37,383.22
2015-11-06 00:00:00,387.77,396.67,353.26,371.79
2015-11-07 00:00:00,374.41,392.82,371.07,385.76
2015-11-08 00:00:00,384.62,390.47,366.18,371.87
2015-11-09 00:00:00,372.86,386.79,360.54,379.88
2015-11-10 00:00:00,378.32,381.44,323.63,337.69
2015-11-11 00:00:00,336.66,341.41,294.0,303.0
2015-11-12 00:00:00,309.9,344.78,308.42,334.94
2015-11-13 00:00:00,337.17,342.0,325.0,333.51
2015-11-14 00:00:00,336.28,356.1,325.45,331.61
2015-11-15 00:00:00,333.02,334.99,314.6,317.0
2015-11-16 00:00:00,319.3,332.2,315.0,330.9
2015-11-17 00:00:00,330.95,350.44,329.0,335.44
2015-11-18 00:00:00,336.0,337.89,330.28,337.06
2015-11-19 00:00:00,334.53,336.48,324.94,324.95
2015-11-20 00:00:00,326.51,327.73,310.0,321.5
2015-11-21 00:00:00,322.05,328.94,318.52,324.99
2015-11-22 00:00:00,326.5,326.6,320.13,323.11
2015-11-23 00:00:00,324.24,326.09,320.39,323.01
2015-11-24 00:00:00,323.48,323.5,317.0,318.42
2015-11-25 00:00:00,319.7,330.84,316.0,328.3
2015-11-26 00:00:00,328.9,369.7,328.53,356.39
2015-11-27 00:00:00,353.9,364.8,347.84,359.87
2015-11-28 00:00:00,357.14,359.44,350.41,356.39
2015-11-29 00:00:00,356.78,373.15,354.45,371.04
2015-11-30 00:00:00,371.48,383.0,367.11,377.98
2015-12-01 00:00:00,376.7,379.0,354.56,362.95
2015-12-02 00:00:00,363.06,363.06,348.64,359.97
2015-12-03 00:00:00,359.11,370.53,356.21,361.32
2015-12-04 00:00:00,361.48,364.3,355.92,362.3
2015-12-05 00:00:00,363.62,389.89,363.0,384.67
2015-12-06 00:00:00,388.0,399.85,383.0,394.6
2015-12-07 00:00:00,387.18,399.91,381.01,395.1
2015-12-08 00:00:00,394.96,409.0,388.33,409.0
2015-12-09 00:00:00,418.8,424.95,400.0,416.08
2015-12-10 00:00:00,416.98,419.79,408.91,416.28
2015-12-11 00:00:00,415.36,454.36,415.13,451.68
2015-12-12 00:00:00,452.99,467.8,403.0,435.87
2015-12-13 00:00:00,436.08,442.97,422.03,435.8
2015-12-14 00:00:00,432.89,448.12,428.42,442.37
2015-12-15 00:00:00,443.36,464.99,442.94,463.61
2015-12-16 00:00:00,464.5,465.0,436.89,455.1
2015-12-17 00:00:00,455.63,458.84,448.75,456.01
2015-12-18 00:00:00,455.87,466.64,453.5,463.0
2015-12-19 00:00:00,462.99,465.9,452.03,460.96
2015-12-20 00:00:00,461.8,462.0,433.83,441.48
2015-12-21 00:00:00,442.54,450.0,425.52,437.56
2015-12-22 00:00:00,438.07,443.58,433.06,436.15
2015-12-23 00:00:00,435.18,445.52,434.43,443.34
2015-12-24 00:00:00,442.5,459.54,442.5,455.71
2015-12-25 00:00:00,455.42,458.33,448.0,455.5
2015-12-26 00:00:00,455.51,457.45,407.25,417.42
2015-12-27 00:00:00,417.11,425.42,410.5,423.29
2015-12-28 00:00:00,421.57,429.86,417.01,420.7
2015-12-29 00:00:00,420.81,433.17,418.55,430.04
2015-12-30 00:00:00,431.7,434.97,420.75,427.05
2015-12-31 00:00:00,426.09,433.89,419.99,430.57
2016-01-01 00:00:00,430.89,436.0,427.2,434.98
2016-01-02 00:00:00,434.87,435.99,430.42,433.74
2016-01-03 00:00:00,433.2,434.09,424.06,430.85
2016-01-04 00:00:00,430.79,435.86,428.44,433.97
2016-01-05 00:00:00,434.17,435.39,429.5,431.89
2016-01-06 00:00:00,432.45,432.67,426.54,431.84
2016-01-07 00:00:00,429.99,457.79,429.25,457.79
2016-01-08 00:00:00,457.0,465.0,444.51,451.32
2016-01-09 00:00:00,452.02,454.0,446.68,449.95
2016-01-10 00:00:00,448.84,449.89,440.8,447.21
2016-01-11 00:00:00,448.79,451.13,438.0,448.99
2016-01-12 00:00:00,448.0,448.0,442.88,446.27
2016-01-13 00:00:00,434.89,438.35,424.5,432.53
2016-01-14 00:00:00,432.64,434.0,427.0,429.22
2016-01-15 00:00:00,429.55,429.8,365.0,372.85
2016-01-16 00:00:00,360.0,387.5,352.0,386.43
2016-01-17 00:00:00,387.28,391.14,376.0,382.85
2016-01-18 00:00:00,380.16,388.5,373.63,385.0
2016-01-19 00:00:00,385.47,386.92,375.59,379.88
2016-01-20 00:00:00,376.77,422.98,372.53,410.93
2016-01-21 00:00:00,418.9,421.25,404.59,410.03
2016-01-22 00:00:00,409.42,410.07,374.45,381.78
2016-01-23 00:00:00,382.85,395.0,381.05,386.92
2016-01-24 00:00:00,386.37,405.97,385.36,402.5
2016-01-25 00:00:00,402.16,402.31,385.5,392.58
2016-01-26 00:00:00,390.1,397.7,386.2,390.66
2016-01-27 00:00:00,391.77,397.0,390.31,395.0
2016-01-28 00:00:00,394.62,395.56,376.0,379.16
2016-01-29 00:00:00,379.55,383.99,363.73,379.44
2016-01-30 00:00:00,378.12,380.42,372.95,376.6
2016-01-31 00:00:00,376.38,379.3,367.77,370.0
2016-02-01 00:00:00,368.49,378.2,366.53,371.5
2016-02-02 00:00:00,371.79,375.0,369.73,373.18
2016-02-03 00:00:00,373.05,374.0,365.0,367.64
2016-02-04 00:00:00,368.4,391.88,367.95,390.0
2016-02-05 00:00:00,388.0,389.5,382.99,385.88
2016-02-06 00:00:00,384.97,384.98,371.35,374.27
2016-02-07 00:00:00,375.39,380.0,373.04,375.4
2016-02-08 00:00:00,375.0,378.99,369.99,371.16
2016-02-09 00:00:00,370.95,377.0,369.12,373.16
2016-02-10 00:00:00,373.69,383.85,372.12,379.86
2016-02-11 00:00:00,379.34,380.5,373.54,377.99
2016-02-12 00:00:00,377.98,383.0,377.07,382.88
2016-02-13 00:00:00,383.0,390.08,382.0,389.51
2016-02-14 00:00:00,390.99,404.0,390.59,403.95
2016-02-15 00:00:00,405.5,409.71,393.4,399.0
2016-02-16 00:00:00,399.5,407.8,396.0,406.47
2016-02-17 00:00:00,407.51,421.11,404.0,415.52
2016-02-18 00:00:00,415.59,424.9,413.4,420.31
2016-02-19 00:00:00,421.15,422.0,414.0,419.27
2016-02-20 00:00:00,419.98,443.96,419.5,440.24
2016-02-21 00:00:00,434.63,447.99,426.0,437.7
2016-02-22 00:00:00,438.33,439.5,431.15,437.97
2016-02-23 00:00:00,438.26,440.0,414.0,420.05
2016-02-24 00:00:00,419.1,424.28,409.07,422.61
2016-02-25 00:00:00,423.79,426.75,415.79,423.51
2016-02-26 00:00:00,423.38,428.38,418.01,427.8
2016-02-27 00:00:00,432.0,435.0,428.22,431.06
2016-02-28 00:00:00,431.07,435.0,422.29,432.16
2016-02-29 00:00:00,430.26,440.99,428.12,436.62
2016-03-01 00:00:00,436.75,437.5,427.01,433.31
2016-03-02 00:00:00,433.33,434.5,424.0,425.18
2016-03-03 00:00:00,422.4,424.47,415.85,420.27
2016-03-04 00:00:00,420.29,423.9,407.55,409.97
2016-03-05 00:00:00,408.18,408.98,382.0,398.5
2016-03-06 00:00:00,399.77,412.31,393.11,404.78
2016-03-07 00:00:00,406.15,414.96,403.03,414.76
2016-03-08 00:00:00,413.96,414.99,408.46,412.13
2016-03-09 00:00:00,412.14,413.51,408.75,412.66
2016-03-10 00:00:00,412.99,416.9,409.31,416.5
2016-03-11 00:00:00,416.0,421.91,415.11,418.1
2016-03-12 00:00:00,419.14,420.93,406.59,410.47
2016-03-13 00:00:00,409.95,417.0,409.67,412.64
2016-03-14 00:00:00,412.99,415.22,410.5,413.85
2016-03-15 00:00:00,414.83,417.43,412.15,415.89
2016-03-16 00:00:00,415.84,416.61,413.15,416.49
2016-03-17 00:00:00,416.52,419.0,415.66,418.49
2016-03-18 00:00:00,418.47,418.49,403.34,408.21
2016-03-19 00:00:00,407.5,409.95,404.1,408.94
2016-03-20 00:00:00,408.36,412.0,406.6,411.34
2016-03-21 00:00:00,410.62,411.96,406.5,410.99
2016-03-22 00:00:00,411.15,416.99,410.35,415.89
2016-03-23 00:00:00,416.39,419.0,413.44,417.22
2016-03-24 00:00:00,417.62,418.15,412.85,415.96
2016-03-25 00:00:00,415.17,416.92,412.0,416.25
2016-03-26 00:00:00,415.6,416.99,414.0,416.77
2016-03-27 00:00:00,416.96,427.99,415.77,424.3
2016-03-28 00:00:00,424.62,424.77,420.32,422.05
2016-03-29 00:00:00,422.87,424.37,407.22,415.4
2016-03-30 00:00:00,415.43,415.93,408.59,413.09
2016-03-31 00:00:00,413.68,416.99,411.4,415.51
2016-04-01 00:00:00,414.66,416.99,413.42,415.38
2016-04-02 00:00:00,416.31,420.0,416.01,419.19
2016-04-03 00:00:00,419.35,419.44,416.1,419.0
2016-04-04 00:00:00,418.51,419.85,416.0,418.65
2016-04-05 00:00:00,418.81,423.0,416.61,422.6
2016-04-06 00:00:00,422.71,422.9,420.0,421.63
2016-04-07 00:00:00,420.62,421.99,418.09,419.84
2016-04-08 00:00:00,419.99,423.99,416.26,418.13
2016-04-09 00:00:00,417.75,418.71,412.0,418.37
2016-04-10 00:00:00,418.59,421.79,417.2,420.77
2016-04-11 00:00:00,420.4,422.8,418.0,422.08
2016-04-12 00:00:00,422.79,426.67,421.0,425.91
2016-04-13 00:00:00,425.32,426.0,422.27,423.26
2016-04-14 00:00:00,423.6,425.35,420.57,424.51
2016-04-15 00:00:00,424.4,430.0,423.07,429.25
2016-04-16 00:00:00,429.29,432.87,427.12,430.68
2016-04-17 00:00:00,430.18,430.91,424.24,426.75
2016-04-18 00:00:00,427.15,430.01,425.8,428.07
2016-04-19 00:00:00,428.14,436.82,426.24,435.25
2016-04-20 00:00:00,435.7,444.0,433.11,441.25
2016-04-21 00:00:00,441.99,452.11,440.0,451.0
2016-04-22 00:00:00,451.0,451.36,442.96,447.8
2016-04-23 00:00:00,447.16,452.18,444.46,451.31
2016-04-24 00:00:00,451.92,470.02,447.06,459.4
2016-04-25 00:00:00,460.03,469.47,455.13,465.99
2016-04-26 00:00:00,462.29,469.87,462.13,468.0
2016-04-27 00:00:00,467.39,469.03,445.42,447.46
2016-04-28 00:00:00,445.39,451.0,435.0,450.0
2016-04-29 00:00:00,449.94,456.0,445.62,454.77
2016-04-30 00:00:00,456.53,456.9,446.5,446.7
2016-05-01 00:00:00,448.43,453.78,446.84,451.4
2016-05-02 00:00:00,452.99,453.8,438.59,443.54
2016-05-03 00:00:00,444.06,452.0,440.78,451.7
2016-05-04 00:00:00,451.18,451.68,444.15,446.3
2016-05-05 00:00:00,447.36,450.0,445.11,448.82
2016-05-06 00:00:00,448.5,463.97,447.03,459.73
2016-05-07 00:00:00,458.98,461.0,455.95,458.15
2016-05-08 00:00:00,458.97,459.69,455.95,457.81
2016-05-09 00:00:00,457.75,464.79,455.62,461.63
2016-05-10 00:00:00,461.49,463.0,447.38,449.91
2016-05-11 00:00:00,450.88,457.99,450.32,452.01
2016-05-12 00:00:00,452.95,455.09,448.88,454.92
2016-05-13 00:00:00,455.2,456.82,452.04,456.04
2016-05-14 00:00:00,456.42,457.25,453.51,455.38
2016-05-15 00:00:00,456.3,458.08,454.72,457.48
2016-05-16 00:00:00,457.56,458.0,451.11,455.56
2016-05-17 00:00:00,454.0,456.09,452.14,453.01
2016-05-18 00:00:00,452.96,455.68,452.01,452.94
2016-05-19 00:00:00,452.47,453.85,441.05,441.63
2016-05-20 00:00:00,436.3,444.41,435.06,441.97
2016-05-21 00:00:00,442.84,443.98,435.28,442.84
2016-05-22 00:00:00,442.72,443.47,435.0,437.85
2016-05-23 00:00:00,438.72,442.91,436.4,442.29
2016-05-24 00:00:00,442.63,446.37,441.0,445.31
2016-05-25 00:00:00,445.31,449.6,444.26,448.02
2016-05-26 00:00:00,448.27,452.98,446.8,452.38
2016-05-27 00:00:00,452.07,478.16,452.07,472.68
2016-05-28 00:00:00,470.58,529.08,468.0,521.5
2016-05-29 00:00:00,522.13,540.0,485.0,513.85
2016-05-30 00:00:00,517.6,535.0,510.01,527.0
2016-05-31 00:00:00,527.64,548.5,515.0,532.06
2016-06-01 00:00:00,532.37,542.87,525.49,538.65
2016-06-02 00:00:00,536.95,540.0,529.13,538.98
2016-06-03 00:00:00,538.0,578.37,535.74,567.94
2016-06-04 00:00:00,569.93,588.71,558.54,573.87
2016-06-05 00:00:00,573.5,582.0,566.0,573.76
2016-06-06 00:00:00,573.8,586.02,573.8,583.49
2016-06-07 00:00:00,584.12,594.44,563.0,576.75
2016-06-08 00:00:00,577.48,584.25,571.86,583.24
2016-06-09 00:00:00,583.01,583.1,572.97,576.4
2016-06-10 00:00:00,576.06,580.0,572.0,577.91
2016-06-11 00:00:00,576.53,594.0,575.93,592.13
2016-06-12 00:00:00,610.0,683.02,603.21,667.94
2016-06-13 00:00:00,668.73,725.0,655.02,702.05
2016-06-14 00:00:00,703.81,704.5,655.0,685.69
2016-06-15 00:00:00,685.25,695.77,672.12,693.01
2016-06-16 00:00:00,695.0,773.07,689.8,765.6
2016-06-17 00:00:00,767.37,778.7,706.37,746.99
2016-06-18 00:00:00,745.0,778.85,723.02,755.02
2016-06-19 00:00:00,753.47,764.93,740.11,760.55
2016-06-20 00:00:00,759.12,763.99,725.0,734.99
2016-06-21 00:00:00,725.0,728.18,625.0,668.42
2016-06-22 00:00:00,665.36,677.63,593.03,594.1
2016-06-23 00:00:00,602.82,632.67,540.17,624.69
2016-06-24 00:00:00,622.59,683.88,620.82,656.71
2016-06-25 00:00:00,660.76,684.45,639.4,663.24
2016-06-26 00:00:00,658.8,662.9,608.64,628.61
2016-06-27 00:00:00,630.16,653.46,618.03,648.2
2016-06-28 00:00:00,657.49,665.51,635.5,645.39
2016-06-29 00:00:00,644.33,645.0,621.09,634.43
2016-06-30 00:00:00,635.91,671.22,628.06,666.84
2016-07-01 00:00:00,666.33,684.1,659.71,677.0
2016-07-02 00:00:00,674.55,704.93,672.74,702.48
2016-07-03 00:00:00,702.48,704.99,646.29,664.14
2016-07-04 00:00:00,659.77,682.35,640.1,678.72
2016-07-05 00:00:00,678.74,682.36,661.57,666.58
2016-07-06 00:00:00,669.09,679.0,662.13,674.46
2016-07-07 00:00:00,674.7,678.43,605.5,636.39
2016-07-08 00:00:00,638.89,665.0,635.0,664.0
2016-07-09 00:00:00,663.0,663.99,626.0,652.54
2016-07-10 00:00:00,647.78,650.88,636.8,646.55
2016-07-11 00:00:00,648.77,659.6,639.31,647.42
2016-07-12 00:00:00,649.32,678.0,646.05,671.7
2016-07-13 00:00:00,663.52,669.97,654.52,661.5
2016-07-14 00:00:00,652.24,664.93,650.01,660.53
2016-07-15 00:00:00,660.3,670.01,658.41,664.99
2016-07-16 00:00:00,664.6,666.67,655.0,662.0
2016-07-17 00:00:00,662.45,684.19,661.35,678.23
2016-07-18 00:00:00,679.54,682.21,666.12,673.46
2016-07-19 00:00:00,673.45,675.81,666.0,673.86
2016-07-20 00:00:00,674.8,675.0,660.0,667.02
2016-07-21 00:00:00,667.01,667.1,660.1,664.25
2016-07-22 00:00:00,663.25,666.3,645.0,652.95
2016-07-23 00:00:00,647.88,656.77,646.0,653.8
2016-07-24 00:00:00,655.52,665.0,651.99,659.51
2016-07-25 00:00:00,659.64,661.99,652.28,654.37
2016-07-26 00:00:00,655.0,656.94,645.01,652.22
2016-07-27 00:00:00,651.22,659.98,646.31,655.63
2016-07-28 00:00:00,655.13,657.89,652.41,653.44
2016-07-29 00:00:00,654.84,657.48,653.0,657.03
2016-07-30 00:00:00,654.88,657.5,652.19,654.37
2016-07-31 00:00:00,654.02,654.71,620.01,620.01
2016-08-01 00:00:00,622.5,630.0,604.0,607.61
2016-08-02 00:00:00,606.84,613.03,465.28,514.98
2016-08-03 00:00:00,540.03,572.34,521.0,565.63
2016-08-04 00:00:00,563.99,583.97,552.0,575.52
2016-08-05 00:00:00,578.14,578.2,562.0,576.64
2016-08-06 00:00:00,572.98,592.0,562.56,588.78
2016-08-07 00:00:00,589.47,598.82,582.12,592.6
2016-08-08 00:00:00,592.47,594.0,583.58,589.46
2016-08-09 00:00:00,591.85,591.85,579.43,583.53
2016-08-10 00:00:00,582.71,603.0,580.01,591.7
2016-08-11 00:00:00,590.46,597.78,585.23,587.57
2016-08-12 00:00:00,585.25,591.19,580.47,586.0
2016-08-13 00:00:00,585.34,589.98,581.71,582.11
2016-08-14 00:00:00,583.52,583.92,556.24,567.45
2016-08-15 00:00:00,568.76,573.69,554.9,565.79
2016-08-16 00:00:00,564.2,579.8,563.0,577.53
2016-08-17 00:00:00,574.95,577.86,566.02,570.47
2016-08-18 00:00:00,570.91,575.87,568.79,569.71
2016-08-19 00:00:00,571.51,574.86,552.3,572.11
2016-08-20 00:00:00,572.98,580.0,568.52,580.0
2016-08-21 00:00:00,577.7,583.99,576.01,578.47
2016-08-22 00:00:00,577.55,585.95,572.5,583.85
2016-08-23 00:00:00,582.78,584.99,576.0,580.71
2016-08-24 00:00:00,580.27,582.1,575.4,577.11
2016-08-25 00:00:00,577.65,578.75,571.16,576.99
2016-08-26 00:00:00,575.75,582.46,574.1,577.84
2016-08-27 00:00:00,577.92,579.09,564.81,567.41
2016-08-28 00:00:00,567.51,573.0,566.8,573.0
2016-08-29 00:00:00,573.2,575.0,568.6,571.5
2016-08-30 00:00:00,570.74,576.5,568.55,575.23
2016-08-31 00:00:00,575.88,576.49,568.4,570.76
2016-09-01 00:00:00,570.75,572.86,566.86,571.6
2016-09-02 00:00:00,571.05,574.2,567.03,572.0
2016-09-03 00:00:00,572.0,598.64,569.01,592.5
2016-09-04 00:00:00,596.25,609.05,590.88,604.25
2016-09-05 00:00:00,605.72,607.31,592.46,603.74
2016-09-06 00:00:00,604.98,609.74,601.0,608.96
2016-09-07 00:00:00,608.93,615.92,604.7,614.39
2016-09-08 00:00:00,614.44,628.98,611.66,625.66
2016-09-09 00:00:00,625.67,627.49,612.93,622.0
2016-09-10 00:00:00,622.01,625.0,618.67,622.01
2016-09-11 00:00:00,621.65,628.99,594.63,603.8
2016-09-12 00:00:00,604.08,609.15,602.0,607.0
2016-09-13 00:00:00,606.4,609.61,603.28,607.73
2016-09-14 00:00:00,607.45,610.69,605.98,607.89
2016-09-15 00:00:00,608.5,608.99,602.3,605.21
2016-09-16 00:00:00,606.65,608.99,603.5,605.9
2016-09-17 00:00:00,607.04,607.59,601.1,604.04
2016-09-18 00:00:00,602.93,609.06,601.97,608.0
2016-09-19 00:00:00,608.0,609.5,603.0,607.88
2016-09-20 00:00:00,608.73,608.88,605.35,606.95
2016-09-21 00:00:00,601.0,601.01,592.1,594.66
2016-09-22 00:00:00,595.46,596.42,592.5,593.95
2016-09-23 00:00:00,595.42,602.9,593.0,602.53
2016-09-24 00:00:00,600.47,603.59,597.76,600.14
2016-09-25 00:00:00,600.05,601.99,596.0,597.41
2016-09-26 00:00:00,598.95,607.27,596.1,604.28
2016-09-27 00:00:00,606.7,608.37,600.02,604.57
2016-09-28 00:00:00,604.26,605.3,601.41,603.71
2016-09-29 00:00:00,603.93,605.99,601.0,604.96
2016-09-30 00:00:00,605.59,608.38,603.15,608.26
2016-10-01 00:00:00,608.23,614.28,608.23,612.0
2016-10-02 00:00:00,612.98,613.0,605.0,608.59
2016-10-03 00:00:00,608.6,611.59,606.6,611.06
2016-10-04 00:00:00,612.84,612.84,604.99,607.18
2016-10-05 00:00:00,607.19,612.0,605.76,610.98
2016-10-06 00:00:00,608.01,610.5,607.09,610.34
2016-10-07 00:00:00,610.25,616.34,607.52,614.23
2016-10-08 00:00:00,614.88,616.99,612.5,614.48
2016-10-09 00:00:00,614.34,614.98,610.0,613.61
2016-10-10 00:00:00,612.12,616.47,612.12,615.37
2016-10-11 00:00:00,616.37,639.0,614.56,638.91
2016-10-12 00:00:00,638.3,640.0,628.76,635.06
2016-10-13 00:00:00,634.5,636.0,630.0,635.61
2016-10-14 00:00:00,635.16,639.99,630.45,638.38
2016-10-15 00:00:00,638.2,642.0,635.25,636.01
2016-10-16 00:00:00,635.26,641.4,635.18,638.09
2016-10-17 00:00:00,638.97,639.99,632.1,635.69
2016-10-18 00:00:00,636.96,637.8,631.52,635.58
2016-10-19 00:00:00,635.95,638.04,624.13,627.98
2016-10-20 00:00:00,627.84,630.22,625.0,627.72
2016-10-21 00:00:00,628.05,632.36,627.5,628.99
2016-10-22 00:00:00,628.99,656.0,628.57,655.0
2016-10-23 00:00:00,654.52,656.0,647.51,649.69
2016-10-24 00:00:00,648.71,652.25,640.0,648.14
2016-10-25 00:00:00,649.03,657.58,643.0,648.33
2016-10-26 00:00:00,651.97,677.0,651.69,673.14
2016-10-27 00:00:00,674.63,685.89,665.59,682.67
2016-10-28 00:00:00,684.68,687.23,677.05,685.29
2016-10-29 00:00:00,685.91,717.99,684.89,712.06
2016-10-30 00:00:00,711.1,711.78,691.49,696.36
2016-10-31 00:00:00,697.1,706.97,683.6,697.67
2016-11-01 00:00:00,697.04,737.0,695.38,726.6
2016-11-02 00:00:00,726.6,735.93,717.32,732.99
2016-11-03 00:00:00,742.0,745.19,670.32,681.03
2016-11-04 00:00:00,684.84,707.67,681.0,702.98
2016-11-05 00:00:00,702.95,707.34,694.71,703.63
2016-11-06 00:00:00,703.33,714.36,697.92,710.22
2016-11-07 00:00:00,709.92,709.92,698.26,706.5
2016-11-08 00:00:00,702.86,712.92,701.02,710.19
2016-11-09 00:00:00,708.17,740.86,705.45,720.44
2016-11-10 00:00:00,721.5,722.0,707.0,714.5
2016-11-11 00:00:00,714.48,720.94,712.24,715.82
2016-11-12 00:00:00,716.39,716.39,701.0,703.0
2016-11-13 00:00:00,701.17,702.89,683.23,701.51
2016-11-14 00:00:00,700.38,705.89,697.14,704.7
2016-11-15 00:00:00,704.98,716.54,703.05,710.82
2016-11-16 00:00:00,711.07,742.87,708.44,737.99
2016-11-17 00:00:00,739.71,749.98,732.22,737.0
2016-11-18 00:00:00,736.0,752.95,731.31,745.99
2016-11-19 00:00:00,748.98,755.07,742.63,749.57
2016-11-20 00:00:00,750.09,753.82,714.0,727.09
2016-11-21 00:00:00,727.09,739.2,727.03,736.97
2016-11-22 00:00:00,736.92,750.0,730.27,746.61
2016-11-23 00:00:00,749.13,749.98,729.92,740.17
2016-11-24 00:00:00,740.18,741.15,729.0,735.7
2016-11-25 00:00:00,735.63,737.03,728.0,737.03
2016-11-26 00:00:00,736.96,737.56,722.3,729.87
2016-11-27 00:00:00,729.91,732.0,722.44,726.12
2016-11-28 00:00:00,727.32,732.44,724.1,730.98
2016-11-29 00:00:00,730.99,733.29,721.0,730.99
2016-11-30 00:00:00,730.72,744.49,727.0,742.06
2016-12-01 00:00:00,742.06,754.98,740.18,751.6
2016-12-02 00:00:00,751.55,778.07,750.77,769.99
2016-12-03 00:00:00,770.91,770.99,752.41,762.79
2016-12-04 00:00:00,762.97,762.97,752.41,761.99
2016-12-05 00:00:00,762.0,762.09,743.0,750.0
2016-12-06 00:00:00,749.51,759.9,747.99,758.91
2016-12-07 00:00:00,758.97,769.61,751.78,766.85
2016-12-08 00:00:00,764.05,772.01,762.29,767.96
2016-12-09 00:00:00,766.84,773.99,766.29,769.49
2016-12-10 00:00:00,769.57,774.12,768.11,772.35
2016-12-11 00:00:00,772.28,772.28,764.01,768.19
2016-12-12 00:00:00,768.97,779.0,768.96,777.93
2016-12-13 00:00:00,777.0,793.27,765.1,778.71
2016-12-14 00:00:00,775.35,781.0,770.74,776.29
2016-12-15 00:00:00,777.03,779.08,771.0,774.79
2016-12-16 00:00:00,776.3,782.46,771.24,780.35
2016-12-17 00:00:00,781.32,790.88,780.36,788.4
2016-12-18 00:00:00,788.3,790.99,780.0,788.68
2016-12-19 00:00:00,788.34,794.39,787.01,790.65
2016-12-20 00:00:00,791.03,803.0,787.1,801.02
2016-12-21 00:00:00,798.65,830.01,796.82,828.1
2016-12-22 00:00:00,832.02,875.0,827.29,858.94
2016-12-23 00:00:00,858.94,920.0,858.93,916.0
2016-12-24 00:00:00,914.48,918.5,878.89,892.63
2016-12-25 00:00:00,892.61,894.97,859.0,891.67
2016-12-26 00:00:00,890.65,905.18,888.0,899.1
2016-12-27 00:00:00,897.82,936.42,891.0,929.92
2016-12-28 00:00:00,930.34,975.97,929.49,975.97
2016-12-29 00:00:00,976.46,980.74,950.0,968.99
2016-12-30 00:00:00,969.99,970.0,931.0,959.03
2016-12-31 00:00:00,959.54,966.37,944.11,964.32
2017-01-01 00:00:00,966.34,1005.0,960.53,998.8
2017-01-02 00:00:00,997.75,1032.0,990.01,1014.1
2017-01-03 00:00:00,1011.44,1039.0,999.99,1036.99
2017-01-04 00:00:00,1035.51,1139.89,1028.56,1122.56
2017-01-05 00:00:00,1114.38,1136.72,885.41,994.02
2017-01-06 00:00:00,1004.73,1026.99,871.0,891.56
2017-01-07 00:00:00,894.02,906.0,812.28,897.14
2017-01-08 00:00:00,906.2,941.81,881.3,906.17
2017-01-09 00:00:00,909.8,912.87,875.0,899.99
2017-01-10 00:00:00,896.09,912.47,889.41,907.96
2017-01-11 00:00:00,905.05,918.4,755.0,788.81
2017-01-12 00:00:00,778.7,832.99,751.34,816.0
2017-01-13 00:00:00,807.51,831.4,775.0,826.9
2017-01-14 00:00:00,825.98,837.76,810.0,819.66
2017-01-15 00:00:00,819.52,823.45,808.0,822.47
2017-01-16 00:00:00,821.86,835.0,818.09,829.62
2017-01-17 00:00:00,831.76,908.5,827.0,906.08
2017-01-18 00:00:00,905.95,915.99,851.74,876.74
2017-01-19 00:00:00,887.69,910.0,878.89,900.46
2017-01-20 00:00:00,902.23,902.43,880.0,895.62
2017-01-21 00:00:00,895.81,928.0,895.0,921.1
2017-01-22 00:00:00,921.98,937.74,886.76,919.39
2017-01-23 00:00:00,923.75,927.57,913.21,921.39
2017-01-24 00:00:00,913.15,923.0,886.27,893.0
2017-01-25 00:00:00,885.47,904.01,884.5,892.95
2017-01-26 00:00:00,893.25,919.49,892.86,916.34
2017-01-27 00:00:00,914.95,924.88,908.01,917.84
2017-01-28 00:00:00,918.02,920.99,913.08,917.75
2017-01-29 00:00:00,918.6,919.99,910.45,913.1
2017-01-30 00:00:00,913.12,923.0,910.0,921.08
2017-01-31 00:00:00,919.99,970.0,917.5,965.01
2017-02-01 00:00:00,963.99,986.96,962.0,983.36
2017-02-02 00:00:00,983.79,1011.65,973.12,1008.18
2017-02-03 00:00:00,1009.15,1022.64,987.01,1012.64
2017-02-04 00:00:00,1015.06,1044.23,1004.0,1034.44
2017-02-05 00:00:00,1033.72,1034.6,1004.7,1014.57
2017-02-06 00:00:00,1010.03,1031.94,1005.1,1023.7
2017-02-07 00:00:00,1024.0,1056.25,1021.3,1054.12
2017-02-08 00:00:00,1052.48,1070.0,1025.0,1056.99
2017-02-09 00:00:00,1051.73,1074.69,913.73,981.96
2017-02-10 00:00:00,985.71,1010.68,950.0,997.57
2017-02-11 00:00:00,995.49,1020.0,987.62,1011.98
2017-02-12 00:00:00,1011.01,1011.97,991.98,1001.63
2017-02-13 00:00:00,1000.73,1007.89,975.1,1000.25
2017-02-14 00:00:00,1000.74,1019.0,987.97,1011.51
2017-02-15 00:00:00,1008.88,1013.8,1000.97,1011.53
2017-02-16 00:00:00,1011.53,1043.21,1010.75,1032.7
2017-02-17 00:00:00,1032.7,1064.99,1031.98,1055.46
2017-02-18 00:00:00,1055.46,1068.99,1046.14,1056.4
2017-02-19 00:00:00,1056.4,1061.9,1039.07,1051.8
2017-02-20 00:00:00,1051.8,1089.99,1044.39,1084.0
2017-02-21 00:00:00,1084.0,1126.86,1077.0,1124.62
2017-02-22 00:00:00,1124.62,1143.0,1098.16,1130.01
2017-02-23 00:00:00,1130.01,1193.92,1120.73,1188.11
2017-02-24 00:00:00,1188.11,1220.0,1091.1,1180.14
2017-02-25 00:00:00,1180.14,1184.73,1127.0,1152.2
2017-02-26 00:00:00,1152.2,1184.97,1133.0,1179.05
2017-02-27 00:00:00,1179.05,1197.99,1169.0,1194.64
2017-02-28 00:00:00,1194.64,1209.99,1176.27,1191.21
2017-03-01 00:00:00,1191.21,1231.0,1188.3,1226.39
2017-03-02 00:00:00,1226.39,1283.25,1215.0,1257.6
2017-03-03 00:00:00,1257.6,1298.0,1255.0,1285.33
2017-03-04 00:00:00,1285.33,1289.55,1230.0,1260.0
2017-03-05 00:00:00,1260.0,1275.0,1240.0,1273.0
2017-03-06 00:00:00,1273.0,1285.0,1251.0,1278.49
2017-03-07 00:00:00,1278.49,1281.62,1175.97,1233.05
2017-03-08 00:00:00,1233.05,1245.49,1145.5,1150.05
2017-03-09 00:00:00,1150.05,1208.0,1135.01,1190.89
2017-03-10 00:00:00,1190.89,1350.0,975.0,1116.97
2017-03-11 00:00:00,1116.97,1198.0,1106.51,1176.55
2017-03-12 00:00:00,1176.55,1241.85,1170.9,1226.62
2017-03-13 00:00:00,1226.62,1249.02,1215.43,1242.46
2017-03-14 00:00:00,1242.46,1260.0,1226.5,1245.86
2017-03-15 00:00:00,1245.86,1260.0,1238.32,1257.32
2017-03-16 00:00:00,1257.32,1258.96,1130.0,1172.62
2017-03-17 00:00:00,1172.62,1173.23,1063.0,1071.02
2017-03-18 00:00:00,1071.02,1099.0,944.36,969.4
2017-03-19 00:00:00,969.4,1063.7,969.4,1017.97
2017-03-20 00:00:00,1017.97,1053.0,1010.01,1035.96
2017-03-21 00:00:00,1035.96,1117.9,1034.92,1114.39
2017-03-22 00:00:00,1114.39,1114.39,988.0,1037.56
2017-03-23 00:00:00,1037.56,1054.4,1010.69,1029.65
2017-03-24 00:00:00,1029.65,1032.0,920.0,929.06
2017-03-25 00:00:00,929.06,963.36,891.33,956.02
2017-03-26 00:00:00,956.02,997.0,937.52,960.0
2017-03-27 00:00:00,960.0,1043.0,952.95,1039.92
2017-03-28 00:00:00,1039.92,1068.26,1014.9,1043.99
2017-03-29 00:00:00,1043.99,1059.43,1008.16,1035.96
2017-03-30 00:00:00,1035.96,1050.17,1017.14,1033.7
2017-03-31 00:00:00,1033.7,1081.0,1031.43,1070.31
2017-04-01 00:00:00,1070.31,1097.0,1061.64,1083.94
2017-04-02 00:00:00,1083.94,1100.0,1066.49,1078.01
2017-04-03 00:00:00,1078.01,1152.0,1076.19,1144.77
2017-04-04 00:00:00,1144.77,1162.93,1118.85,1143.0
2017-04-05 00:00:00,1143.0,1145.0,1111.0,1134.58
2017-04-06 00:00:00,1134.58,1201.37,1134.36,1190.85
2017-04-07 00:00:00,1190.85,1202.0,1176.0,1190.66
2017-04-08 00:00:00,1190.66,1197.3,1166.66,1184.03
2017-04-09 00:00:00,1184.03,1216.87,1173.98,1206.2
2017-04-10 00:00:00,1206.2,1219.71,1195.0,1209.25
2017-04-11 00:00:00,1209.25,1229.0,1198.02,1218.99
2017-04-12 00:00:00,1218.99,1224.57,1208.0,1212.17
2017-04-13 00:00:00,1212.17,1219.45,1141.0,1172.91
2017-04-14 00:00:00,1172.91,1193.0,1142.0,1170.34
2017-04-15 00:00:00,1170.34,1192.5,1165.0,1173.45
2017-04-16 00:00:00,1173.45,1179.3,1150.0,1162.31
2017-04-17 00:00:00,1162.31,1192.5,1161.0,1176.54
2017-04-18 00:00:00,1176.54,1210.0,1175.95,1202.58
2017-04-19 00:00:00,1202.58,1209.99,1190.0,1203.98
2017-04-20 00:00:00,1203.98,1243.88,1201.66,1234.19
2017-04-21 00:00:00,1234.19,1252.32,1231.65,1243.61
2017-04-22 00:00:00,1243.61,1247.15,1199.0,1233.2
2017-04-23 00:00:00,1233.2,1248.99,1223.42,1241.99
2017-04-24 00:00:00,1241.99,1254.0,1234.0,1253.58
2017-04-25 00:00:00,1253.58,1280.0,1251.07,1269.0
2017-04-26 00:00:00,1269.0,1330.0,1265.0,1287.99
2017-04-27 00:00:00,1287.99,1342.02,1285.0,1331.53
2017-04-28 00:00:00,1331.53,1347.02,1299.0,1330.7
2017-04-29 00:00:00,1330.7,1342.8,1316.0,1333.0
2017-04-30 00:00:00,1333.0,1356.0,1315.68,1350.21
2017-05-01 00:00:00,1350.21,1425.0,1341.22,1390.86
2017-05-02 00:00:00,1390.86,1481.73,1388.0,1447.75
2017-05-03 00:00:00,1447.75,1516.04,1431.02,1503.22
2017-05-04 00:00:00,1503.22,1623.01,1444.94,1537.23
2017-05-05 00:00:00,1537.23,1609.0,1495.0,1514.9
2017-05-06 00:00:00,1514.9,1578.97,1505.0,1558.02
2017-05-07 00:00:00,1558.02,1565.0,1525.0,1554.01
2017-05-08 00:00:00,1554.01,1653.97,1554.01,1649.54
2017-05-09 00:00:00,1649.54,1760.4,1616.05,1720.28
2017-05-10 00:00:00,1720.28,1794.21,1682.0,1772.58
2017-05-11 00:00:00,1772.58,1892.0,1745.01,1828.45
2017-05-12 00:00:00,1828.45,1832.0,1650.0,1691.51
2017-05-13 00:00:00,1691.51,1785.82,1601.46,1776.89
2017-05-14 00:00:00,1776.89,1815.0,1753.0,1784.0
2017-05-15 00:00:00,1784.0,1784.0,1682.56,1705.48
2017-05-16 00:00:00,1705.48,1750.0,1641.22,1700.01
2017-05-17 00:00:00,1700.01,1840.42,1670.01,1782.99
2017-05-18 00:00:00,1782.99,1881.8,1766.33,1878.99
2017-05-19 00:00:00,1878.99,1969.99,1874.99,1958.0
2017-05-20 00:00:00,1958.0,2021.0,1914.0,2013.99
2017-05-21 00:00:00,2013.99,2063.11,1961.52,2017.55
2017-05-22 00:00:00,2017.55,2230.34,2008.75,2099.97
2017-05-23 00:00:00,2099.97,2275.0,2088.45,2264.23
2017-05-24 00:00:00,2264.23,2481.75,2264.23,2420.29
2017-05-25 00:00:00,2420.29,2760.1,2221.0,2292.53
2017-05-26 00:00:00,2292.53,2599.12,2060.0,2279.82
2017-05-27 00:00:00,2279.82,2339.94,1850.0,2042.0
2017-05-28 00:00:00,2042.0,2313.96,2041.48,2178.81
2017-05-29 00:00:00,2178.81,2350.0,2110.0,2292.1
2017-05-30 00:00:00,2292.1,2339.08,2160.0,2203.51
2017-05-31 00:00:00,2203.51,2334.0,2154.28,2298.01
2017-06-01 00:00:00,2298.01,2456.39,2296.81,2413.63
2017-06-02 00:00:00,2413.63,2489.0,2370.03,2488.94
2017-06-03 00:00:00,2488.94,2584.34,2445.0,2540.94
2017-06-04 00:00:00,2540.94,2569.0,2460.0,2530.27
2017-06-05 00:00:00,2530.27,2699.35,2525.28,2698.0
2017-06-06 00:00:00,2698.0,2933.0,2689.4,2880.74
2017-06-07 00:00:00,2880.74,2893.28,2612.5,2683.03
2017-06-08 00:00:00,2683.03,2815.0,2613.13,2806.0
2017-06-09 00:00:00,2806.0,2868.23,2780.43,2822.32
2017-06-10 00:00:00,2822.32,2912.98,2800.0,2899.99
2017-06-11 00:00:00,2899.99,2967.46,2861.53,2954.22
2017-06-12 00:00:00,2954.22,2980.0,2480.03,2667.06
2017-06-13 00:00:00,2667.06,2783.62,2638.62,2703.02
2017-06-14 00:00:00,2703.02,2801.0,2320.0,2450.0
2017-06-15 00:00:00,2450.0,2516.2,2120.0,2424.91
2017-06-16 00:00:00,2424.91,2540.0,2307.66,2484.68
2017-06-17 00:00:00,2484.68,2674.4,2420.53,2630.0
2017-06-18 00:00:00,2630.0,2665.0,2460.62,2516.98
2017-06-19 00:00:00,2516.98,2598.0,2480.96,2598.0
2017-06-20 00:00:00,2598.0,2783.0,2581.0,2740.0
2017-06-21 00:00:00,2740.0,2789.0,2611.0,2657.04
2017-06-22 00:00:00,2657.04,2740.0,2594.61,2713.48
2017-06-23 00:00:00,2713.48,2745.0,2657.46,2685.05
2017-06-24 00:00:00,2685.05,2724.96,2512.13,2557.66
2017-06-25 00:00:00,2557.66,2635.72,2432.0,2502.03
2017-06-26 00:00:00,2502.03,2550.03,2315.01,2421.22
2017-06-27 00:00:00,2421.22,2565.0,2291.0,2565.0
2017-06-28 00:00:00,2565.0,2593.0,2468.01,2559.9
2017-06-29 00:00:00,2559.9,2594.78,2500.31,2541.59
2017-06-30 00:00:00,2541.59,2564.58,2451.0,2465.49
2017-07-01 00:00:00,2465.49,2517.11,2390.0,2412.41
2017-07-02 00:00:00,2412.41,2528.72,2374.34,2504.37
2017-07-03 00:00:00,2504.37,2595.0,2472.68,2550.47
2017-07-04 00:00:00,2550.47,2639.47,2540.07,2596.12
2017-07-05 00:00:00,2596.12,2623.0,2530.1,2602.9
2017-07-06 00:00:00,2602.9,2614.0,2522.0,2600.39
2017-07-07 00:00:00,2600.39,2605.0,2475.0,2501.46
2017-07-08 00:00:00,2501.46,2555.0,2462.0,2550.07
2017-07-09 00:00:00,2550.07,2564.65,2500.5,2502.28
2017-07-10 00:00:00,2502.28,2527.88,2261.85,2323.45
2017-07-11 00:00:00,2323.45,2399.0,2242.62,2305.98
2017-07-12 00:00:00,2305.98,2408.84,2239.54,2388.0
2017-07-13 00:00:00,2388.0,2425.16,2312.93,2339.99
2017-07-14 00:00:00,2339.99,2357.84,2140.0,2213.37
2017-07-15 00:00:00,2213.37,2219.99,1967.65,1970.51
2017-07-16 00:00:00,1970.51,2044.44,1830.0,1917.63
2017-07-17 00:00:00,1917.63,2229.97,1910.57,2226.0
2017-07-18 00:00:00,2226.0,2392.0,2164.0,2303.71
2017-07-19 00:00:00,2303.71,2402.5,2223.0,2265.21
2017-07-20 00:00:00,2265.21,2938.0,2265.21,2875.03
2017-07-21 00:00:00,2875.03,2887.45,2611.39,2670.0
2017-07-22 00:00:00,2670.0,2882.0,2644.59,2832.71
2017-07-23 00:00:00,2832.71,2855.0,2640.0,2749.02
2017-07-24 00:00:00,2749.02,2800.0,2701.0,2759.98
2017-07-25 00:00:00,2759.98,2775.79,2450.0,2564.82
2017-07-26 00:00:00,2564.82,2608.96,2400.0,2524.99
2017-07-27 00:00:00,2524.99,2695.0,2509.63,2666.33
2017-07-28 00:00:00,2666.33,2825.0,2655.82,2777.01
2017-07-29 00:00:00,2777.01,2785.65,2631.78,2680.56
2017-07-30 00:00:00,2680.56,2774.45,2569.69,2742.37
2017-07-31 00:00:00,2742.37,2889.99,2680.01,2855.81
2017-08-01 00:00:00,2855.81,2929.17,2615.0,2731.0
2017-08-02 00:00:00,2731.0,2760.0,2650.0,2703.51
2017-08-03 00:00:00,2703.51,2807.44,2698.83,2793.37
2017-08-04 00:00:00,2793.37,2877.52,2765.91,2855.0
2017-08-05 00:00:00,2855.0,3339.66,2848.32,3263.62
2017-08-06 00:00:00,3263.62,3296.51,3146.1,3222.75
2017-08-07 00:00:00,3222.75,3430.0,3186.0,3387.55
2017-08-08 00:00:00,3387.55,3490.0,3300.0,3412.41
2017-08-09 00:00:00,3412.41,3423.1,3178.72,3342.99
2017-08-10 00:00:00,3342.99,3448.0,3311.17,3413.03
2017-08-11 00:00:00,3413.03,3705.0,3390.67,3645.06
2017-08-12 00:00:00,3645.06,3934.0,3586.95,3855.1
2017-08-13 00:00:00,3855.1,4190.0,3841.71,4053.87
2017-08-14 00:00:00,4053.87,4329.43,3964.96,4306.23
2017-08-15 00:00:00,4306.23,4400.0,3800.0,4155.67
2017-08-16 00:00:00,4155.67,4379.78,3926.06,4378.84
2017-08-17 00:00:00,4378.84,4480.0,4167.21,4276.5
2017-08-18 00:00:00,4276.5,4368.0,3964.96,4100.0
2017-08-19 00:00:00,4100.0,4188.0,3900.0,4099.55
2017-08-20 00:00:00,4099.55,4125.95,4000.0,4058.68
2017-08-21 00:00:00,4058.68,4080.0,3949.78,3987.52
2017-08-22 00:00:00,3987.52,4139.31,3600.0,4085.0
2017-08-23 00:00:00,4085.0,4248.97,4051.94,4108.12
2017-08-24 00:00:00,4108.12,4350.0,4082.57,4300.34
2017-08-25 00:00:00,4300.34,4449.98,4270.0,4355.98
2017-08-26 00:00:00,4355.98,4369.78,4232.43,4333.38
2017-08-27 00:00:00,4333.38,4393.3,4290.32,4337.68
2017-08-28 00:00:00,4337.68,4399.72,4169.01,4379.99
2017-08-29 00:00:00,4379.99,4649.78,4336.26,4578.82
2017-08-30 00:00:00,4578.82,4642.22,4479.0,4573.2
2017-08-31 00:00:00,4573.2,4765.21,4566.66,4734.26
2017-09-01 00:00:00,4734.26,4935.0,4671.09,4921.7
2017-09-02 00:00:00,4921.7,4979.9,4488.5,4599.9
2017-09-03 00:00:00,4599.9,4700.0,4385.0,4606.26
2017-09-04 00:00:00,4606.26,4613.97,4058.5,4277.0
2017-09-05 00:00:00,4277.0,4474.88,4001.93,4396.52
2017-09-06 00:00:00,4396.52,4649.23,4356.42,4605.8
2017-09-07 00:00:00,4605.8,4674.34,4475.0,4615.0
2017-09-08 00:00:00,4615.0,4679.97,4125.99,4312.0
2017-09-09 00:00:00,4312.0,4379.78,4164.0,4308.72
2017-09-10 00:00:00,4308.72,4322.44,4010.0,4226.22
2017-09-11 00:00:00,4226.22,4353.49,4092.4,4207.31
2017-09-12 00:00:00,4207.31,4377.65,4080.0,4172.56
2017-09-13 00:00:00,4172.56,4179.14,3720.01,3865.34
2017-09-14 00:00:00,3865.34,3921.74,3210.0,3227.79
2017-09-15 00:00:00,3227.79,3820.0,2977.0,3700.01
2017-09-16 00:00:00,3700.01,3872.9,3500.0,3678.93
2017-09-17 00:00:00,3678.93,3772.52,3463.0,3662.99
2017-09-18 00:00:00,3662.99,4122.7,3659.42,4101.6
2017-09-19 00:00:00,4101.6,4119.7,3848.35,3888.8
2017-09-20 00:00:00,3888.8,4050.0,3820.56,3874.46
2017-09-21 00:00:00,3874.46,3914.0,3573.0,3617.05
2017-09-22 00:00:00,3617.05,3761.84,3514.0,3612.18
2017-09-23 00:00:00,3612.18,3810.25,3552.0,3779.17
2017-09-24 00:00:00,3779.17,3783.25,3615.0,3664.22
2017-09-25 00:00:00,3664.22,3968.59,3658.39,3918.0
2017-09-26 00:00:00,3918.0,3970.0,3850.61,3888.03
2017-09-27 00:00:00,3888.03,4226.73,3870.0,4199.29
2017-09-28 00:00:00,4199.29,4270.01,4123.5,4184.84
2017-09-29 00:00:00,4184.84,4227.62,4022.02,4164.82
2017-09-30 00:00:00,4164.82,4349.0,4154.28,4326.09
2017-10-01 00:00:00,4326.09,4377.22,4216.0,4377.22
2017-10-02 00:00:00,4377.22,4453.0,4352.0,4391.48
2017-10-03 00:00:00,4391.48,4425.0,4218.0,4315.83
2017-10-04 00:00:00,4315.83,4343.0,4170.07,4219.53
2017-10-05 00:00:00,4219.53,4358.97,4137.96,4301.09
2017-10-06 00:00:00,4301.09,4425.0,4278.4,4362.95
2017-10-07 00:00:00,4362.95,4463.0,4312.82,4423.3
2017-10-08 00:00:00,4423.3,4612.0,4404.5,4597.98
2017-10-09 00:00:00,4597.98,4865.0,4541.0,4764.7
2017-10-10 00:00:00,4764.7,4909.97,4700.0,4749.29
2017-10-11 00:00:00,4749.29,4869.78,4700.0,4822.01
2017-10-12 00:00:00,4822.01,5445.0,4793.66,5445.0
2017-10-13 00:00:00,5445.0,5846.43,5380.0,5653.6
2017-10-14 00:00:00,5653.6,5817.34,5558.26,5801.29
2017-10-15 00:00:00,5801.29,5830.0,5415.0,5679.7
2017-10-16 00:00:00,5679.7,5807.11,5548.0,5745.72
2017-10-17 00:00:00,5745.72,5776.31,5506.78,5597.31
2017-10-18 00:00:00,5597.31,5617.75,5101.36,5582.05
2017-10-19 00:00:00,5582.05,5735.14,5512.06,5698.69
2017-10-20 00:00:00,5698.69,6074.0,5589.8,5977.29
2017-10-21 00:00:00,5977.29,6180.0,5871.0,6013.46
2017-10-22 00:00:00,6013.46,6071.07,5700.0,5969.0
2017-10-23 00:00:00,5969.0,6045.34,5617.75,5871.17
2017-10-24 00:00:00,5871.17,5871.17,5453.01,5523.4
2017-10-25 00:00:00,5523.4,5748.0,5366.0,5735.88
2017-10-26 00:00:00,5735.88,5988.0,5683.0,5890.0
2017-10-27 00:00:00,5890.0,5994.06,5674.06,5771.89
2017-10-28 00:00:00,5771.89,5875.66,5646.18,5730.69
2017-10-29 00:00:00,5730.69,6316.85,5683.0,6137.37
2017-10-30 00:00:00,6137.37,6229.77,6024.03,6119.99
2017-10-31 00:00:00,6119.99,6449.78,6072.81,6434.21
2017-11-01 00:00:00,6434.21,6756.36,6340.01,6741.59
2017-11-02 00:00:00,6741.59,7354.1,6700.0,7030.0
2017-11-03 00:00:00,7030.0,7500.0,6925.22,7146.82
2017-11-04 00:00:00,7146.82,7569.9,6994.0,7388.83
2017-11-05 00:00:00,7388.83,7590.0,7275.16,7372.72
2017-11-06 00:00:00,7372.72,7421.39,6922.07,6967.68
2017-11-07 00:00:00,6967.68,7244.69,6945.0,7130.28
2017-11-08 00:00:00,7130.28,7888.0,7080.01,7450.32
2017-11-09 00:00:00,7450.32,7490.0,7061.2,7148.0
2017-11-10 00:00:00,7148.0,7343.18,6429.44,6588.18
2017-11-11 00:00:00,6588.18,6820.0,6218.0,6355.13
2017-11-12 00:00:00,6355.13,6488.88,5555.55,5870.37
2017-11-13 00:00:00,5870.37,6775.75,5846.0,6525.17
2017-11-14 00:00:00,6525.17,6750.0,6466.88,6609.0
2017-11-15 00:00:00,6609.0,7350.0,6609.0,7294.0
2017-11-16 00:00:00,7294.0,7976.79,7120.85,7846.96
2017-11-17 00:00:00,7846.96,7997.0,7528.5,7674.99
2017-11-18 00:00:00,7674.99,7858.0,7431.54,7771.03
2017-11-19 00:00:00,7771.03,8087.35,7675.0,8016.58
2017-11-20 00:00:00,8016.58,8269.99,7900.0,8226.17
2017-11-21 00:00:00,8226.17,8354.46,7770.0,8095.23
2017-11-22 00:00:00,8095.23,8310.89,8045.76,8214.69
2017-11-23 00:00:00,8214.69,8279.76,7980.0,7989.0
2017-11-24 00:00:00,7989.0,8340.0,7876.0,8199.19
2017-11-25 00:00:00,8199.19,8737.0,8114.78,8717.99
2017-11-26 00:00:00,8717.99,9366.6,8538.2,9271.06
2017-11-27 00:00:00,9271.06,9721.7,9267.0,9708.07
2017-11-28 00:00:00,9708.07,9968.0,9582.25,9868.82
2017-11-29 00:00:00,9868.82,11395.0,9289.0,9824.68
2017-11-30 00:00:00,9824.68,10618.29,9000.0,9947.67
2017-12-01 00:00:00,9947.67,10949.89,9370.11,10840.45
2017-12-02 00:00:00,10840.45,11200.0,10637.69,10872.0
2017-12-03 00:00:00,10872.0,11800.01,10513.16,11250.0
2017-12-04 00:00:00,11250.0,11613.07,10850.0,11613.07
2017-12-05 00:00:00,11613.07,11850.0,11384.25,11677.0
2017-12-06 00:00:00,11677.0,13700.0,11659.8,13623.5
2017-12-07 00:00:00,13623.5,16615.62,13085.9,16599.99
2017-12-08 00:00:00,16599.99,16666.66,13482.42,15800.0
2017-12-09 00:00:00,15800.0,15998.5,12701.05,14607.49
2017-12-10 00:00:00,14607.49,15385.0,13011.0,14691.0
2017-12-11 00:00:00,14691.0,17270.0,14677.19,16470.0
2017-12-12 00:00:00,16470.0,17428.42,15967.29,16650.01
2017-12-13 00:00:00,16650.01,17107.03,15497.69,16250.0
2017-12-14 00:00:00,16250.0,16830.45,15852.69,16404.99
2017-12-15 00:00:00,16404.99,17934.0,16337.19,17471.5
2017-12-16 00:00:00,17471.5,19377.0,17269.99,19187.78
2017-12-17 00:00:00,19187.78,19666.0,18465.0,18953.0
2017-12-18 00:00:00,18953.0,19220.0,17835.2,18940.57
2017-12-19 00:00:00,18940.57,19160.79,16831.26,17700.0
2017-12-20 00:00:00,17700.0,17950.0,15343.04,16466.98
2017-12-21 00:00:00,16466.98,17281.17,15005.0,15600.01
2017-12-22 00:00:00,15600.01,15795.61,11159.93,14009.79
2017-12-23 00:00:00,14009.79,15756.22,13496.48,14619.0
2017-12-24 00:00:00,14619.0,14619.1,12488.0,14157.87
2017-12-25 00:00:00,14157.87,14650.0,13210.0,13911.28
2017-12-26 00:00:00,13911.28,16147.87,13746.95,15764.44
2017-12-27 00:00:00,15764.44,16480.52,14484.0,15364.93
2017-12-28 00:00:00,15364.93,15474.19,13500.0,14470.07
2017-12-29 00:00:00,14470.07,15111.0,13998.0,14340.0
2017-12-30 00:00:00,14340.0,14463.28,12050.0,12640.0
2017-12-31 00:00:00,12640.0,14296.06,12491.21,13880.0
2018-01-01 00:00:00,13880.0,13941.75,12801.38,13443.41
2018-01-02 00:00:00,13443.41,15257.53,12910.58,14678.94
2018-01-03 00:00:00,14678.94,15500.0,14546.28,15155.62
2018-01-04 00:00:00,15155.62,15430.27,14192.37,15143.67
2018-01-05 00:00:00,15143.67,17200.0,14810.0,16928.0
2018-01-06 00:00:00,16928.0,17234.99,16220.0,17149.67
2018-01-07 00:00:00,17149.67,17149.97,15707.16,16124.02
2018-01-08 00:00:00,16124.02,16300.0,13900.0,14999.99
2018-01-09 00:00:00,14999.99,15367.18,14123.97,14403.51
2018-01-10 00:00:00,14403.51,14900.0,13412.0,14890.02
2018-01-11 00:00:00,14890.02,14973.07,12800.0,13243.83
2018-01-12 00:00:00,13243.83,14152.19,12807.27,13781.41
2018-01-13 00:00:00,13781.41,14619.1,13781.41,14197.78
2018-01-14 00:00:00,14197.78,14365.81,13072.22,13647.99
2018-01-15 00:00:00,13647.99,14394.36,13429.25,13607.04
2018-01-16 00:00:00,13607.04,13607.04,10162.0,11386.34
2018-01-17 00:00:00,11386.34,11794.07,9222.0,11191.35
2018-01-18 00:00:00,11191.35,12146.0,10693.0,11247.57
2018-01-19 00:00:00,11247.57,12050.39,11025.18,11552.0
2018-01-20 00:00:00,11552.0,13052.12,11515.94,12775.99
2018-01-21 00:00:00,12775.99,12791.88,11100.0,11558.87
2018-01-22 00:00:00,11558.87,11910.78,10028.41,10808.99
2018-01-23 00:00:00,10808.99,11409.87,9927.54,10851.82
2018-01-24 00:00:00,10851.82,11500.0,10488.13,11400.96
2018-01-25 00:00:00,11400.96,11741.82,10868.57,11155.54
2018-01-26 00:00:00,11155.54,11635.0,10263.32,11092.95
2018-01-27 00:00:00,11092.95,11630.47,10815.84,11446.54
2018-01-28 00:00:00,11446.54,11989.15,11360.52,11685.58
2018-01-29 00:00:00,11685.58,11820.01,10991.0,11162.62
2018-01-30 00:00:00,11162.62,11222.36,9731.2,9971.0
2018-01-31 00:00:00,9971.0,10324.0,9514.96,10149.0
2018-02-01 00:00:00,10149.0,10187.56,8455.0,8998.99
2018-02-02 00:00:00,8998.99,9096.79,7625.25,8838.83
2018-02-03 00:00:00,8838.83,9491.2,8170.71,9225.86
2018-02-04 00:00:00,9225.86,9350.09,7825.0,8191.0
2018-02-05 00:00:00,8191.0,8335.56,6600.0,6874.27
2018-02-06 00:00:00,6874.27,8150.0,5920.72,7737.37
2018-02-07 00:00:00,7737.37,8649.0,7213.8,7588.01
2018-02-08 00:00:00,7588.01,8644.36,7565.5,8259.76
2018-02-09 00:00:00,8259.76,8779.62,7753.32,8693.98
2018-02-10 00:00:00,8693.98,9090.8,8170.86,8560.0
2018-02-11 00:00:00,8560.0,8560.0,7820.0,8067.0
2018-02-12 00:00:00,8067.0,8995.0,8067.0,8899.0
2018-02-13 00:00:00,8899.0,8951.89,8360.13,8522.99
2018-02-14 00:00:00,8522.99,9515.0,8504.57,9490.98
2018-02-15 00:00:00,9490.98,10234.0,9350.0,10018.0
2018-02-16 00:00:00,10018.0,10300.0,9707.51,10196.0
2018-02-17 00:00:00,10196.0,11135.83,10053.5,11101.0
2018-02-18 00:00:00,11101.0,11300.0,10153.15,10421.06
2018-02-19 00:00:00,10421.06,11262.48,10307.51,11173.0
2018-02-20 00:00:00,11173.0,11780.0,11080.37,11233.41
2018-02-21 00:00:00,11233.41,11275.74,10256.0,10449.4
2018-02-22 00:00:00,10449.4,10935.0,9731.2,9843.34
2018-02-23 00:00:00,9843.34,10405.3,9600.0,10166.1
2018-02-24 00:00:00,10166.1,10540.63,9373.48,9689.99
2018-02-25 00:00:00,9689.99,9883.41,9260.0,9590.04
2018-02-26 00:00:00,9590.04,10461.97,9376.34,10324.7
2018-02-27 00:00:00,10324.7,10850.0,10150.0,10566.3
2018-02-28 00:00:00,10572.49,11064.75,10255.07,10314.9
2018-03-01 00:00:00,10314.99,11090.0,10223.41,10903.13
2018-03-02 00:00:00,10917.37,11175.0,10774.01,11029.99
2018-03-03 00:00:00,11032.81,11503.24,11022.85,11445.0
2018-03-04 00:00:00,11445.0,11511.0,11054.91,11463.27
2018-03-05 00:00:00,11479.68,11688.0,11383.66,11419.24
2018-03-06 00:00:00,11417.39,11420.01,10560.19,10723.76
2018-03-07 00:00:00,10723.01,10911.78,9450.0,9913.03
2018-03-08 00:00:00,9904.52,10150.0,9078.95,9285.32
2018-03-09 00:00:00,9293.06,9420.39,8366.0,9230.0
2018-03-10 00:00:00,9228.83,9514.96,8697.0,8791.47
2018-03-11 00:00:00,8795.04,9768.37,8450.0,9535.04
2018-03-12 00:00:00,9535.04,9892.0,8742.07,9120.75
2018-03-13 00:00:00,9115.24,9482.79,8830.0,9142.32
2018-03-14 00:00:00,9152.07,9356.14,7948.0,8196.69
2018-03-15 00:00:00,8195.99,8425.0,7682.0,8265.05
2018-03-16 00:00:00,8265.05,8613.06,7914.08,8258.54
2018-03-17 00:00:00,8258.54,8356.4,7730.23,7860.83
2018-03-18 00:00:00,7860.83,8324.92,7325.37,8188.24
2018-03-19 00:00:00,8205.55,8718.74,8114.17,8596.93
2018-03-20 00:00:00,8596.79,9051.0,8313.01,8904.02
2018-03-21 00:00:00,8904.02,9188.1,8754.83,8893.79
2018-03-22 00:00:00,8892.18,9099.59,8503.52,8704.67
2018-03-23 00:00:00,8708.52,8920.79,8265.0,8920.79
2018-03-24 00:00:00,8917.99,9020.0,8505.0,8547.0
2018-03-25 00:00:00,8541.96,8680.0,8368.63,8453.9
2018-03-26 00:00:00,8451.12,8500.0,7831.15,8149.66
2018-03-27 00:00:00,8152.26,8211.62,7742.11,7791.7
2018-03-28 00:00:00,7791.69,8104.98,7723.03,7932.41
2018-03-29 00:00:00,7932.41,7968.0,6914.53,7088.38
2018-03-30 00:00:00,7086.14,7302.35,6550.0,6850.0
2018-03-31 00:00:00,6839.63,7231.73,6794.26,6928.62
2018-04-01 00:00:00,6926.5,7045.71,6427.16,6813.52
2018-04-02 00:00:00,6816.31,7106.5,6759.96,7052.76
2018-04-03 00:00:00,7052.75,7506.84,7001.28,7416.27
2018-04-04 00:00:00,7415.53,7430.0,6710.38,6799.95
2018-04-05 00:00:00,6799.37,6928.7,6578.95,6771.69
2018-04-06 00:00:00,6771.3,6850.0,6510.0,6618.33
2018-04-07 00:00:00,6627.7,7069.13,6600.99,6904.9
2018-04-08 00:00:00,6904.21,7104.52,6894.8,7027.26
2018-04-09 00:00:00,7027.26,7175.83,6611.49,6780.1
2018-04-10 00:00:00,6782.39,6900.0,6653.21,6835.67
2018-04-11 00:00:00,6824.75,6984.92,6809.26,6940.94
2018-04-12 00:00:00,6940.94,8069.34,6758.45,7923.78
2018-04-13 00:00:00,7923.78,8239.33,7753.32,7896.92
2018-04-14 00:00:00,7885.9,8232.14,7835.0,8000.41
2018-04-15 00:00:00,8003.39,8417.0,8001.23,8354.22
2018-04-16 00:00:00,8353.43,8424.99,7905.0,8048.15
2018-04-17 00:00:00,8054.68,8160.85,7806.81,7890.87
2018-04-18 00:00:00,7890.87,8235.0,7870.35,8172.84
2018-04-19 00:00:00,8172.83,8297.99,8074.44,8271.31
2018-04-20 00:00:00,8273.0,8934.0,8216.9,8861.0
2018-04-21 00:00:00,8865.78,9023.4,8608.0,8920.71
2018-04-22 00:00:00,8924.93,9036.52,8760.0,8789.96
2018-04-23 00:00:00,8781.7,9006.39,8771.22,8946.95
2018-04-24 00:00:00,8942.0,9737.16,8930.0,9648.0
2018-04-25 00:00:00,9648.36,9755.53,8751.0,8864.99
2018-04-26 00:00:00,8855.07,9326.79,8647.29,9274.48
2018-04-27 00:00:00,9277.32,9387.82,8901.09,8921.43
2018-04-28 00:00:00,8916.54,9442.34,8854.47,9345.11
2018-04-29 00:00:00,9352.97,9538.75,9180.0,9393.99
2018-04-30 00:00:00,9396.32,9443.96,9111.0,9242.17
2018-05-01 00:00:00,9243.51,9249.99,8815.91,9066.9
2018-05-02 00:00:00,9066.9,9259.16,8975.23,9222.0
2018-05-03 00:00:00,9220.0,9799.99,9165.19,9732.43
2018-05-04 00:00:00,9737.0,9784.73,9527.38,9696.57
2018-05-05 00:00:00,9689.0,9948.98,9670.68,9823.28
2018-05-06 00:00:00,9827.04,9918.41,9375.0,9623.54
2018-05-07 00:00:00,9621.99,9634.5,9175.0,9359.52
2018-05-08 00:00:00,9356.79,9450.0,9015.0,9167.69
2018-05-09 00:00:00,9181.52,9368.79,8974.62,9308.49
2018-05-10 00:00:00,9308.49,9393.0,8987.74,9020.99
2018-05-11 00:00:00,9007.19,9018.38,8351.0,8411.42
2018-05-12 00:00:00,8408.79,8652.8,8208.81,8481.6
2018-05-13 00:00:00,8481.72,8775.9,8335.56,8696.58
2018-05-14 00:00:00,8696.54,8900.9,8286.57,8674.36
2018-05-15 00:00:00,8674.53,8865.0,8400.0,8474.99
2018-05-16 00:00:00,8481.99,8505.33,8100.01,8346.59
2018-05-17 00:00:00,8337.77,8500.0,7980.0,8067.03
2018-05-18 00:00:00,8058.16,8275.1,7929.53,8248.87
2018-05-19 00:00:00,8248.99,8395.0,8141.08,8231.2
2018-05-20 00:00:00,8225.55,8590.0,8170.71,8518.48
2018-05-21 00:00:00,8518.64,8589.1,8320.0,8391.76
2018-05-22 00:00:00,8403.23,8417.65,7951.41,7984.08
2018-05-23 00:00:00,7983.98,8032.01,7435.49,7502.89
2018-05-24 00:00:00,7509.99,7733.99,7267.24,7586.88
2018-05-25 00:00:00,7579.3,7661.07,7328.13,7471.18
2018-05-26 00:00:00,7459.21,7622.87,7276.04,7335.99
2018-05-27 00:00:00,7335.99,7412.57,7213.09,7347.39
2018-05-28 00:00:00,7348.64,7445.0,7084.99,7112.5
2018-05-29 00:00:00,7112.2,7537.0,7026.9,7469.45
2018-05-30 00:00:00,7469.45,7559.0,7273.89,7375.73
2018-05-31 00:00:00,7375.64,7601.23,7330.22,7492.28
2018-06-01 00:00:00,7492.28,7620.01,7348.45,7511.6
2018-06-02 00:00:00,7511.72,7700.0,7438.92,7642.0
2018-06-03 00:00:00,7642.0,7790.69,7581.03,7703.67
2018-06-04 00:00:00,7712.97,7764.44,7449.68,7488.26
2018-06-05 00:00:00,7494.99,7685.0,7360.0,7617.98
2018-06-06 00:00:00,7617.98,7695.46,7482.61,7658.57
2018-06-07 00:00:00,7658.99,7750.0,7618.99,7689.28
2018-06-08 00:00:00,7676.41,7697.0,7542.0,7618.11
2018-06-09 00:00:00,7618.11,7686.45,7468.31,7492.7
2018-06-10 00:00:00,7498.0,7498.0,6627.7,6781.17
2018-06-11 00:00:00,6781.17,6919.97,6634.86,6880.61
2018-06-12 00:00:00,6880.76,6880.76,6461.42,6557.67
2018-06-13 00:00:00,6557.66,6624.45,6120.0,6307.4
2018-06-14 00:00:00,6308.49,6708.1,6270.69,6646.1
2018-06-15 00:00:00,6638.8,6666.66,6370.0,6390.6
2018-06-16 00:00:00,6390.6,6557.81,6333.63,6487.92
2018-06-17 00:00:00,6487.92,6575.35,6429.23,6453.41
2018-06-18 00:00:00,6451.03,6793.0,6381.25,6707.5
2018-06-19 00:00:00,6711.3,6841.81,6660.21,6736.52
2018-06-20 00:00:00,6728.44,6809.26,6558.95,6756.58
2018-06-21 00:00:00,6756.6,6792.2,6677.85,6718.33
2018-06-22 00:00:00,6718.33,6737.97,5940.0,6050.45
2018-06-23 00:00:00,6055.17,6261.0,6048.54,6177.38
2018-06-24 00:00:00,6169.91,6255.05,5780.0,6153.4
2018-06-25 00:00:00,6153.6,6365.34,6075.01,6253.61
2018-06-26 00:00:00,6252.28,6277.0,6025.68,6068.0
2018-06-27 00:00:00,6073.99,6181.11,5985.0,6135.64
2018-06-28 00:00:00,6135.64,6165.49,5818.14,5848.33
2018-06-29 00:00:00,5845.2,6299.0,5774.72,6204.24
2018-06-30 00:00:00,6204.01,6510.0,6190.28,6385.71
2018-07-01 00:00:00,6385.75,6438.55,6259.34,6349.99
2018-07-02 00:00:00,6345.48,6667.57,6270.69,6612.98
2018-07-03 00:00:00,6605.46,6666.0,6464.39,6507.99
2018-07-04 00:00:00,6507.99,6792.28,6413.2,6584.25
2018-07-05 00:00:00,6575.62,6700.0,6445.31,6533.69
2018-07-06 00:00:00,6533.69,6636.15,6449.76,6596.53
2018-07-07 00:00:00,6604.74,6820.0,6510.0,6759.99
2018-07-08 00:00:00,6755.46,6783.54,6674.6,6706.6
2018-07-09 00:00:00,6706.6,6814.72,6620.0,6666.75
2018-07-10 00:00:00,6666.75,6683.9,6270.84,6299.46
2018-07-11 00:00:00,6304.45,6400.0,6285.0,6380.0
2018-07-12 00:00:00,6379.13,6380.0,6072.0,6243.88
2018-07-13 00:00:00,6243.53,6337.25,6121.01,6215.59
2018-07-14 00:00:00,6208.78,6317.84,6180.0,6243.98
2018-07-15 00:00:00,6245.99,6397.21,6227.76,6349.3
2018-07-16 00:00:00,6353.25,6755.0,6333.63,6721.04
2018-07-17 00:00:00,6721.21,7468.31,6657.95,7310.71
2018-07-18 00:00:00,7310.71,7599.98,7239.15,7378.1
2018-07-19 00:00:00,7384.92,7570.9,7278.84,7471.42
2018-07-20 00:00:00,7474.35,7696.88,7265.0,7330.84
2018-07-21 00:00:00,7330.84,7458.0,7212.0,7409.92
2018-07-22 00:00:00,7398.16,7581.03,7336.15,7396.6
2018-07-23 00:00:00,7393.5,7800.0,7369.86,7719.62
2018-07-24 00:00:00,7712.46,8496.96,7691.14,8403.83
2018-07-25 00:00:00,8394.48,8475.0,8049.22,8174.06
2018-07-26 00:00:00,8174.06,8314.23,7855.97,7926.0
2018-07-27 00:00:00,7926.0,8274.98,7798.48,8183.05
2018-07-28 00:00:00,8177.72,8259.0,8051.43,8237.74
2018-07-29 00:00:00,8231.07,8299.99,8109.74,8216.74
2018-07-30 00:00:00,8216.74,8295.0,7853.01,8160.21
2018-07-31 00:00:00,8162.28,8162.37,7633.67,7725.43
2018-08-01 00:00:00,7726.85,7761.56,7440.0,7602.01
2018-08-02 00:00:00,7600.22,7709.98,7455.0,7536.37
2018-08-03 00:00:00,7535.0,7542.92,7286.41,7416.98
2018-08-04 00:00:00,7416.98,7494.48,6926.0,7009.99
2018-08-05 00:00:00,7009.94,7086.8,6888.88,7032.61
2018-08-06 00:00:00,7028.89,7157.93,6835.06,6936.11
2018-08-07 00:00:00,6932.18,7155.0,6671.0,6717.68
2018-08-08 00:00:00,6717.67,6717.68,6121.0,6283.59
2018-08-09 00:00:00,6283.89,6627.0,6190.01,6543.76
2018-08-10 00:00:00,6544.98,6584.05,5995.75,6139.99
2018-08-11 00:00:00,6139.99,6494.13,6000.0,6239.98
2018-08-12 00:00:00,6240.49,6493.77,6163.44,6310.82
2018-08-13 00:00:00,6311.99,6544.37,6142.2,6252.63
2018-08-14 00:00:00,6252.63,6254.02,5880.0,6193.62
2018-08-15 00:00:00,6194.3,6628.5,6186.02,6272.3
2018-08-16 00:00:00,6273.34,6477.57,6208.37,6313.51
2018-08-17 00:00:00,6314.08,6584.49,6290.64,6580.15
2018-08-18 00:00:00,6578.13,6615.0,6303.0,6399.28
2018-08-19 00:00:00,6397.37,6545.0,6312.0,6481.99
2018-08-20 00:00:00,6481.63,6522.99,6223.9,6260.82
2018-08-21 00:00:00,6260.83,6513.28,6246.05,6479.27
2018-08-22 00:00:00,6478.99,6906.81,6250.0,6355.76
2018-08-23 00:00:00,6355.97,6575.99,6344.8,6525.01
2018-08-24 00:00:00,6525.99,6721.09,6445.32,6692.94
2018-08-25 00:00:00,6692.99,6800.0,6664.25,6732.4
2018-08-26 00:00:00,6732.99,6775.34,6558.95,6700.46
2018-08-27 00:00:00,6700.13,6944.47,6641.35,6904.51
2018-08-28 00:00:00,6911.7,7125.28,6861.17,7080.94
2018-08-29 00:00:00,7079.46,7124.06,6890.0,7032.96
2018-08-30 00:00:00,7034.47,7055.97,6792.85,6984.01
2018-08-31 00:00:00,6984.34,7101.03,6879.0,7017.35
2018-09-01 00:00:00,7015.78,7300.18,7015.22,7185.01
2018-09-02 00:00:00,7195.8,7334.5,7130.63,7290.31
2018-09-03 00:00:00,7291.94,7340.08,7184.0,7258.99
2018-09-04 00:00:00,7261.29,7411.85,7231.0,7361.0
2018-09-05 00:00:00,7353.48,7387.0,6650.0,6679.3
2018-09-06 00:00:00,6671.95,6705.59,6253.29,6493.09
2018-09-07 00:00:00,6488.01,6525.0,6322.0,6400.0
2018-09-08 00:00:00,6401.01,6465.46,6113.23,6178.31
2018-09-09 00:00:00,6178.31,6451.51,6094.38,6236.04
2018-09-10 00:00:00,6238.99,6351.13,6223.9,6301.99
2018-09-11 00:00:00,6303.99,6405.0,6162.06,6279.99
2018-09-12 00:00:00,6274.6,6350.0,6192.89,6322.45
2018-09-13 00:00:00,6326.83,6537.46,6324.37,6485.7
2018-09-14 00:00:00,6482.95,6587.0,6384.36,6476.51
2018-09-15 00:00:00,6476.51,6570.1,6466.74,6520.15
2018-09-16 00:00:00,6521.49,6524.84,6349.47,6499.98
2018-09-17 00:00:00,6499.28,6530.24,6200.0,6254.52
2018-09-18 00:00:00,6251.49,6390.0,6226.63,6332.34
2018-09-19 00:00:00,6330.0,6510.0,6100.0,6388.4
2018-09-20 00:00:00,6388.4,6535.11,6333.63,6492.98
2018-09-21 00:00:00,6492.98,6775.34,6483.83,6749.45
2018-09-22 00:00:00,6748.85,6826.28,6624.79,6710.01
2018-09-23 00:00:00,6710.01,6774.91,6659.0,6702.22
2018-09-24 00:00:00,6703.37,6721.68,6550.96,6581.52
2018-09-25 00:00:00,6578.7,6579.59,6324.96,6428.99
2018-09-26 00:00:00,6428.09,6540.0,6379.44,6461.51
2018-09-27 00:00:00,6454.32,6736.85,6431.95,6681.62
2018-09-28 00:00:00,6684.5,6792.28,6525.67,6610.76
2018-09-29 00:00:00,6609.02,6609.02,6454.0,6579.38
2018-09-30 00:00:00,6574.29,6628.06,6510.0,6597.81
2018-10-01 00:00:00,6597.79,6638.15,6477.57,6571.2
2018-10-02 00:00:00,6569.32,6597.0,6447.28,6500.0
2018-10-03 00:00:00,6500.0,6510.0,6396.34,6456.77
2018-10-04 00:00:00,6454.81,6604.89,6450.58,6547.56
2018-10-05 00:00:00,6548.83,6641.35,6510.0,6582.12
2018-10-06 00:00:00,6582.11,6595.69,6526.28,6544.08
2018-10-07 00:00:00,6547.93,6600.0,6493.92,6577.63
2018-10-08 00:00:00,6574.15,6656.63,6541.06,6604.75
2018-10-09 00:00:00,6604.76,6623.14,6553.13,6588.8
2018-10-10 00:00:00,6588.72,6589.79,6387.91,6517.55
2018-10-11 00:00:00,6517.55,6520.43,6055.28,6152.76
2018-10-12 00:00:00,6152.76,6243.79,6109.79,6185.15
2018-10-13 00:00:00,6182.03,6219.77,6168.83,6199.69
2018-10-14 00:00:00,6201.23,6349.47,6143.08,6183.0
2018-10-15 00:00:00,6185.04,6756.0,6149.28,6441.74
2018-10-16 00:00:00,6438.2,6493.77,6386.4,6461.2
2018-10-17 00:00:00,6457.67,6465.39,6407.69,6437.29
2018-10-18 00:00:00,6440.07,6490.0,6350.0,6396.18
2018-10-19 00:00:00,6394.23,6412.4,6355.99,6383.46
2018-10-20 00:00:00,6380.47,6424.16,6363.02,6412.86
2018-10-21 00:00:00,6412.86,6470.0,6401.01,6413.38
2018-10-22 00:00:00,6412.62,6429.23,6372.53,6406.06
2018-10-23 00:00:00,6409.39,6421.58,6354.26,6393.41
2018-10-24 00:00:00,6396.24,6473.0,6393.0,6411.96
2018-10-25 00:00:00,6411.96,6422.73,6361.73,6393.53
2018-10-26 00:00:00,6393.38,6450.3,6377.81,6406.1
2018-10-27 00:00:00,6406.1,6420.01,6381.25,6407.66
2018-10-28 00:00:00,6407.66,6420.0,6383.0,6405.57
2018-10-29 00:00:00,6404.27,6420.0,6208.37,6266.52
2018-10-30 00:00:00,6266.47,6289.0,6240.0,6269.46
2018-10-31 00:00:00,6269.45,6350.0,6199.25,6303.27
2018-11-01 00:00:00,6304.5,6365.33,6288.01,6340.99
2018-11-02 00:00:00,6343.85,6381.25,6328.33,6350.43
2018-11-03 00:00:00,6350.05,6351.74,6312.48,6335.0
2018-11-04 00:00:00,6333.59,6475.0,6310.57,6421.76
2018-11-05 00:00:00,6428.23,6441.43,6369.89,6403.2
2018-11-06 00:00:00,6404.97,6460.01,6378.24,6447.5
2018-11-07 00:00:00,6448.17,6544.0,6442.47,6501.0
2018-11-08 00:00:00,6501.0,6511.27,6388.88,6405.49
2018-11-09 00:00:00,6405.49,6418.18,6307.0,6325.0
2018-11-10 00:00:00,6325.0,6377.26,6323.0,6349.32
2018-11-11 00:00:00,6349.39,6365.0,6269.46,6357.54
2018-11-12 00:00:00,6352.57,6388.21,6298.5,6318.0
2018-11-13 00:00:00,6318.01,6328.36,6244.35,6260.91
2018-11-14 00:00:00,6255.86,6298.47,5324.0,5595.91
2018-11-15 00:00:00,5592.23,5641.0,5199.8,5585.0
2018-11-16 00:00:00,5571.12,5610.0,5411.74,5508.71
2018-11-17 00:00:00,5514.62,5550.66,5452.63,5503.36
2018-11-18 00:00:00,5503.36,5658.47,5500.0,5559.26
2018-11-19 00:00:00,5553.01,5559.69,4694.44,4735.44
2018-11-20 00:00:00,4732.92,4897.36,4048.58,4352.0
2018-11-21 00:00:00,4349.41,4635.0,4242.33,4538.01
2018-11-22 00:00:00,4551.47,4589.53,4194.98,4275.23
2018-11-23 00:00:00,4268.4,4364.46,4061.02,4288.26
2018-11-24 00:00:00,4288.25,4376.88,3638.48,3785.65
2018-11-25 00:00:00,3780.67,4120.0,3474.73,3938.89
2018-11-26 00:00:00,3934.22,4069.59,3522.28,3727.34
2018-11-27 00:00:00,3727.34,3834.35,3548.76,3771.01
2018-11-28 00:00:00,3771.01,4355.08,3771.0,4220.16
2018-11-29 00:00:00,4219.77,4409.77,4086.97,4249.8
2018-11-30 00:00:00,4250.0,4300.0,3861.0,3971.06
2018-12-01 00:00:00,3970.56,4264.47,3904.34,4140.39
2018-12-02 00:00:00,4140.4,4265.0,4030.0,4102.05
2018-12-03 00:00:00,4099.63,4115.15,3747.0,3834.34
2018-12-04 00:00:00,3830.81,4033.98,3730.0,3903.52
2018-12-05 00:00:00,3903.52,3913.62,3662.35,3696.69
2018-12-06 00:00:00,3694.03,3844.79,3415.22,3437.26
2018-12-07 00:00:00,3437.22,3531.0,3210.0,3380.68
2018-12-08 00:00:00,3376.27,3495.99,3241.0,3398.8
2018-12-09 00:00:00,3398.8,3633.2,3371.09,3529.75
2018-12-10 00:00:00,3528.68,3588.43,3355.0,3408.0
2018-12-11 00:00:00,3406.41,3427.27,3292.65,3353.42
2018-12-12 00:00:00,3345.01,3490.0,3325.7,3430.18
2018-12-13 00:00:00,3430.2,3441.13,3221.14,3262.73
2018-12-14 00:00:00,3263.55,3294.81,3135.55,3195.75
2018-12-15 00:00:00,3194.04,3230.0,3122.28,3179.54
2018-12-16 00:00:00,3180.84,3259.43,3178.23,3193.78
2018-12-17 00:00:00,3191.41,3590.0,3181.26,3496.73
2018-12-18 00:00:00,3499.37,3684.0,3422.77,3667.16
2018-12-19 00:00:00,3667.16,3924.01,3642.69,3684.5
2018-12-20 00:00:00,3684.03,4172.07,3656.75,4073.77
2018-12-21 00:00:00,4073.58,4162.0,3770.0,3841.08
2018-12-22 00:00:00,3842.59,4010.16,3780.09,3980.9
2018-12-23 00:00:00,3977.65,4051.0,3900.0,3943.83
2018-12-24 00:00:00,3947.82,4236.84,3944.84,4036.0
2018-12-25 00:00:00,4034.54,4049.23,3674.73,3779.99
2018-12-26 00:00:00,3780.0,3863.34,3678.8,3810.01
2018-12-27 00:00:00,3810.01,3841.17,3566.0,3591.69
2018-12-28 00:00:00,3590.26,3970.0,3575.0,3884.97
2018-12-29 00:00:00,3884.66,3961.85,3702.51,3725.48
2018-12-30 00:00:00,3728.96,3870.0,3688.76,3835.79
2018-12-31 00:00:00,3831.03,3842.89,3630.0,3693.3
2019-01-01 00:00:00,3693.85,3845.46,3629.66,3823.44
2019-01-02 00:00:00,3825.41,3918.67,3770.0,3885.87
2019-01-03 00:00:00,3890.27,3893.4,3760.0,3787.81
2019-01-04 00:00:00,3785.64,3850.33,3732.38,3817.71
2019-01-05 00:00:00,3822.0,3887.09,3780.0,3791.84
2019-01-06 00:00:00,3795.38,4090.0,3753.0,4040.71
2019-01-07 00:00:00,4040.71,4070.0,3964.01,4005.45
2019-01-08 00:00:00,4005.0,4112.0,3934.73,3994.9
2019-01-09 00:00:00,3994.75,4060.0,3948.44,4002.13
2019-01-10 00:00:00,4003.09,4036.22,3503.44,3627.51
2019-01-11 00:00:00,3627.65,3704.6,3569.85,3632.02
2019-01-12 00:00:00,3631.0,3650.35,3557.09,3617.13
2019-01-13 00:00:00,3617.75,3654.02,3476.0,3515.95
2019-01-14 00:00:00,3517.03,3714.0,3506.0,3664.28
2019-01-15 00:00:00,3664.28,3687.02,3534.68,3576.93
2019-01-16 00:00:00,3576.92,3669.0,3570.48,3605.91
2019-01-17 00:00:00,3609.5,3660.0,3534.25,3638.01
2019-01-18 00:00:00,3638.01,3641.9,3577.0,3609.21
2019-01-19 00:00:00,3609.29,3774.0,3602.6,3681.0
2019-01-20 00:00:00,3680.0,3703.27,3470.0,3536.72
2019-01-21 00:00:00,3537.42,3573.29,3485.58,3531.51
2019-01-22 00:00:00,3531.51,3615.8,3401.36,3576.81
2019-01-23 00:00:00,3574.44,3620.23,3518.0,3552.32
2019-01-24 00:00:00,3553.2,3598.0,3524.0,3570.73
2019-01-25 00:00:00,3570.67,3578.79,3511.0,3560.0
2019-01-26 00:00:00,3560.94,3657.89,3536.51,3555.56
2019-01-27 00:00:00,3555.31,3564.12,3456.0,3533.23
2019-01-28 00:00:00,3532.23,3536.77,3357.3,3429.5
2019-01-29 00:00:00,3431.43,3438.76,3322.19,3390.5
2019-01-30 00:00:00,3391.25,3465.05,3372.34,3437.35
2019-01-31 00:00:00,3438.0,3474.2,3392.6,3413.11
2019-02-01 00:00:00,3413.69,3460.0,3364.53,3434.83
2019-02-02 00:00:00,3434.83,3485.0,3406.38,3462.82
2019-02-03 00:00:00,3470.5,3476.33,3384.67,3414.82
2019-02-04 00:00:00,3413.75,3439.46,3394.85,3410.87
2019-02-05 00:00:00,3409.81,3435.0,3396.0,3431.39
2019-02-06 00:00:00,3431.81,3445.6,3328.7,3364.62
2019-02-07 00:00:00,3364.0,3383.29,3350.0,3359.33
2019-02-08 00:00:00,3358.39,3711.04,3337.91,3622.94
2019-02-09 00:00:00,3626.12,3639.74,3589.52,3622.62
2019-02-10 00:00:00,3622.74,3662.43,3576.16,3650.37
2019-02-11 00:00:00,3651.32,3652.56,3578.7,3588.7
2019-02-12 00:00:00,3588.99,3619.93,3548.28,3585.94
2019-02-13 00:00:00,3585.7,3629.81,3541.0,3574.93
2019-02-14 00:00:00,3575.01,3590.74,3531.01,3560.46
2019-02-15 00:00:00,3560.45,3620.53,3544.88,3566.29
2019-02-16 00:00:00,3566.29,3609.0,3561.96,3579.92
2019-02-17 00:00:00,3580.43,3663.34,3553.98,3625.6
2019-02-18 00:00:00,3625.6,3916.47,3614.82,3869.8
2019-02-19 00:00:00,3870.97,4000.0,3840.08,3888.46
2019-02-20 00:00:00,3889.92,3967.52,3861.49,3936.53
2019-02-21 00:00:00,3936.8,3989.99,3866.25,3900.4
2019-02-22 00:00:00,3900.64,3957.0,3882.59,3939.82
2019-02-23 00:00:00,3939.83,4157.87,3905.63,4113.53
2019-02-24 00:00:00,4113.56,4190.0,3714.42,3730.68
2019-02-25 00:00:00,3733.78,3861.81,3732.6,3820.71
2019-02-26 00:00:00,3817.93,3830.0,3760.09,3795.06
2019-02-27 00:00:00,3794.42,3822.85,3658.19,3798.47
2019-02-28 00:00:00,3796.49,3897.62,3755.0,3791.36
2019-03-01 00:00:00,3791.02,3845.3,3789.5,3807.05
2019-03-02 00:00:00,3805.0,3818.75,3760.0,3810.46
2019-03-03 00:00:00,3810.47,3822.39,3756.0,3789.52
2019-03-04 00:00:00,3789.7,3806.9,3670.0,3698.66
2019-03-05 00:00:00,3698.65,3877.1,3690.0,3844.07
2019-03-06 00:00:00,3844.07,3895.12,3808.8,3851.55
2019-03-07 00:00:00,3851.26,3891.04,3826.13,3856.64
2019-03-08 00:00:00,3856.78,3924.37,3760.1,3844.64
2019-03-09 00:00:00,3841.27,3950.25,3835.66,3916.43
2019-03-10 00:00:00,3916.42,3916.43,3862.0,3897.92
2019-03-11 00:00:00,3898.14,3912.89,3812.64,3849.25
2019-03-12 00:00:00,3848.86,3877.69,3791.07,3859.74
2019-03-13 00:00:00,3861.37,3874.68,3820.0,3848.48
2019-03-14 00:00:00,3848.1,3903.98,3775.01,3854.77
2019-03-15 00:00:00,3857.33,3912.06,3843.09,3901.21
2019-03-16 00:00:00,3899.19,4040.0,3899.12,3990.0
2019-03-17 00:00:00,3990.0,3992.42,3927.28,3965.5
2019-03-18 00:00:00,3965.63,4016.63,3929.83,3969.59
2019-03-19 00:00:00,3969.94,4012.63,3947.15,3998.13
2019-03-20 00:00:00,3999.5,4050.0,3962.6,4031.59
2019-03-21 00:00:00,4033.7,4055.35,3919.63,3974.21
2019-03-22 00:00:00,3974.5,4000.81,3958.94,3982.07
2019-03-23 00:00:00,3980.4,4001.17,3957.11,3982.52
2019-03-24 00:00:00,3979.19,3980.97,3942.04,3969.99
2019-03-25 00:00:00,3970.23,3980.22,3850.45,3910.51
2019-03-26 00:00:00,3910.0,3936.36,3879.5,3922.58
2019-03-27 00:00:00,3922.58,4037.11,3912.19,4025.5
2019-03-28 00:00:00,4025.5,4025.56,3992.6,4012.23
2019-03-29 00:00:00,4011.0,4102.57,4005.0,4090.0
2019-03-30 00:00:00,4090.0,4130.36,4040.0,4094.92
2019-03-31 00:00:00,4094.92,4101.7,4074.29,4096.08
2019-04-01 00:00:00,4092.02,4150.0,4052.56,4136.32
2019-04-02 00:00:00,4133.93,5080.0,4130.64,4899.63
2019-04-03 00:00:00,4899.01,5345.0,4800.5,4978.23
2019-04-04 00:00:00,4972.83,5077.35,4778.59,4907.94
2019-04-05 00:00:00,4911.14,5067.62,4883.83,5039.73
2019-04-06 00:00:00,5041.0,5240.0,4900.0,5041.39
2019-04-07 00:00:00,5041.92,5253.49,5028.3,5190.85
2019-04-08 00:00:00,5192.92,5347.37,5127.68,5287.88
2019-04-09 00:00:00,5287.97,5288.95,5136.01,5192.6
2019-04-10 00:00:00,5184.03,5466.06,5161.0,5323.47
2019-04-11 00:00:00,5323.47,5344.31,4966.87,5040.2
2019-04-12 00:00:00,5037.82,5122.48,4912.0,5076.35
2019-04-13 00:00:00,5075.74,5122.01,5033.73,5063.63
2019-04-14 00:00:00,5064.0,5185.26,5012.73,5162.72
2019-04-15 00:00:00,5160.54,5192.01,4948.57,5027.31
2019-04-16 00:00:00,5027.33,5231.96,5014.77,5202.43
2019-04-17 00:00:00,5201.47,5275.07,5170.01,5233.72
2019-04-18 00:00:00,5227.6,5325.0,5218.23,5281.58
2019-04-19 00:00:00,5283.0,5357.96,5180.37,5289.91
2019-04-20 00:00:00,5289.91,5362.97,5253.82,5318.89
2019-04-21 00:00:00,5318.94,5346.91,5212.8,5295.65
2019-04-22 00:00:00,5295.96,5439.12,5249.0,5386.8
2019-04-23 00:00:00,5388.22,5627.0,5363.24,5531.32
2019-04-24 00:00:00,5531.29,5623.3,5372.0,5440.95
2019-04-25 00:00:00,5440.95,5510.0,4991.42,5132.55
2019-04-26 00:00:00,5132.5,5291.48,5046.31,5155.19
2019-04-27 00:00:00,5154.11,5218.31,5113.0,5168.91
2019-04-28 00:00:00,5171.51,5213.23,5099.0,5160.98
2019-04-29 00:00:00,5152.98,5191.96,5071.58,5149.11
2019-04-30 00:00:00,5150.21,5287.4,5127.05,5269.0
2019-05-01 00:00:00,5267.86,5357.96,5263.03,5318.42
2019-05-02 00:00:00,5322.28,5422.94,5304.99,5385.0
2019-05-03 00:00:00,5385.0,5796.56,5363.1,5658.22
2019-05-04 00:00:00,5659.82,5846.13,5510.0,5764.65
2019-05-05 00:00:00,5766.46,5782.55,5624.25,5709.32
2019-05-06 00:00:00,5714.4,5755.79,5562.44,5685.46
2019-05-07 00:00:00,5686.88,5970.0,5686.88,5751.54
2019-05-08 00:00:00,5751.54,5986.0,5658.66,5940.89
2019-05-09 00:00:00,5945.32,6172.0,5932.83,6156.7
2019-05-10 00:00:00,6151.66,6426.8,6105.0,6342.84
2019-05-11 00:00:00,6338.93,7445.0,6338.93,7217.47
2019-05-12 00:00:00,7214.4,7585.0,6762.57,6974.35
2019-05-13 00:00:00,6968.84,8167.5,6863.75,7810.05
2019-05-14 00:00:00,7810.72,8335.56,7618.99,7986.0
2019-05-15 00:00:00,7991.72,8300.0,7838.0,8208.69
2019-05-16 00:00:00,8203.97,8390.95,7654.93,7880.0
2019-05-17 00:00:00,7879.28,7942.09,6178.0,7351.71
2019-05-18 00:00:00,7352.39,7493.85,7205.57,7260.12
2019-05-19 00:00:00,7257.82,8299.99,7247.86,8200.0
2019-05-20 00:00:00,8193.45,8199.97,7581.03,8005.64
2019-05-21 00:00:00,8007.67,8117.48,7676.27,7955.16
2019-05-22 00:00:00,7949.18,8049.22,7505.69,7624.95
2019-05-23 00:00:00,7622.9,7980.0,7468.31,7880.22
2019-05-24 00:00:00,7880.4,8188.87,7795.95,7999.02
2019-05-25 00:00:00,7999.02,8158.45,7939.76,8064.64
2019-05-26 00:00:00,8066.15,8802.29,7888.91,8733.26
2019-05-27 00:00:00,8733.27,8939.18,8653.68,8770.73
2019-05-28 00:00:00,8774.45,8817.41,8540.94,8717.96
2019-05-29 00:00:00,8715.35,8762.39,8421.12,8663.41
2019-05-30 00:00:00,8663.07,9096.79,8000.0,8277.76
2019-05-31 00:00:00,8277.76,8589.99,8109.74,8547.2
2019-06-01 00:00:00,8545.8,8624.72,8457.33,8556.27
2019-06-02 00:00:00,8560.1,8833.97,8546.01,8734.49
2019-06-03 00:00:00,8735.84,8745.96,8049.22,8103.64
2019-06-04 00:00:00,8103.63,8103.63,7432.84,7665.53
2019-06-05 00:00:00,7673.41,7924.48,7570.9,7785.94
2019-06-06 00:00:00,7784.62,7878.62,7449.68,7806.07
2019-06-07 00:00:00,7801.97,8134.99,7758.93,8001.25
2019-06-08 00:00:00,8002.68,8061.12,7777.67,7932.27
2019-06-09 00:00:00,7933.17,7966.58,7511.41,7632.99
2019-06-10 00:00:00,7629.98,8090.0,7523.16,8021.1
2019-06-11 00:00:00,8017.99,8057.32,7713.34,7919.1
2019-06-12 00:00:00,7915.7,8266.0,7821.73,8176.27
2019-06-13 00:00:00,8171.12,8335.56,8049.22,8238.0
2019-06-14 00:00:00,8235.44,8737.37,8174.92,8697.54
2019-06-15 00:00:00,8694.74,8911.98,8623.52,8857.19
2019-06-16 00:00:00,8857.19,9391.85,8805.0,8974.19
2019-06-17 00:00:00,8973.02,9477.7,8973.02,9333.48
2019-06-18 00:00:00,9333.48,9361.87,8918.0,9078.84
2019-06-19 00:00:00,9076.51,9325.85,9036.19,9278.27
2019-06-20 00:00:00,9280.17,9600.0,9211.08,9534.99
2019-06-21 00:00:00,9534.99,10229.49,9534.97,10222.12
2019-06-22 00:00:00,10222.13,11200.0,10085.5,10661.3
2019-06-23 00:00:00,10665.66,11247.62,10483.33,10831.95
2019-06-24 00:00:00,10827.23,11099.0,10551.51,11029.63
2019-06-25 00:00:00,11030.0,11796.37,11000.02,11751.01
2019-06-26 00:00:00,11760.0,13880.0,11647.07,12920.54
2019-06-27 00:00:00,12927.44,13355.61,10300.0,11153.74
2019-06-28 00:00:00,11153.73,12447.46,10739.1,12354.43
2019-06-29 00:00:00,12354.45,12386.76,11317.03,11858.62
2019-06-30 00:00:00,11867.35,12200.06,10651.3,10760.1
2019-07-01 00:00:00,10759.24,11200.41,9950.0,10577.43
2019-07-02 00:00:00,10581.78,10942.63,9614.08,10828.9
2019-07-03 00:00:00,10830.1,12009.0,10830.1,11967.43
2019-07-04 00:00:00,11970.0,12061.04,11052.74,11146.34
2019-07-05 00:00:00,11144.82,11440.0,10769.15,10997.84
2019-07-06 00:00:00,10996.82,11735.0,10982.89,11240.0
2019-07-07 00:00:00,11233.21,11627.0,11083.76,11469.96
2019-07-08 00:00:00,11478.43,12398.0,11332.19,12286.14
2019-07-09 00:00:00,12299.94,12883.48,12030.43,12567.23
2019-07-10 00:00:00,12574.88,13200.0,11550.0,12098.95
2019-07-11 00:00:00,12101.44,12104.97,10966.81,11349.24
2019-07-12 00:00:00,11352.74,11942.39,11083.52,11808.91
2019-07-13 00:00:00,11811.08,11846.61,10810.0,11378.79
2019-07-14 00:00:00,11382.03,11467.3,10090.0,10191.87
2019-07-15 00:00:00,10191.87,11080.37,9855.0,10850.0
2019-07-16 00:00:00,10848.27,11042.11,9366.0,9412.81
2019-07-17 00:00:00,9427.45,9993.0,9049.54,9699.35
2019-07-18 00:00:00,9712.15,10797.0,9280.33,10648.6
2019-07-19 00:00:00,10638.44,10776.99,10102.58,10535.43
2019-07-20 00:00:00,10533.71,11120.0,10359.17,10750.11
2019-07-21 00:00:00,10757.15,10839.09,10325.0,10600.24
2019-07-22 00:00:00,10605.03,10686.89,10052.25,10328.83
2019-07-23 00:00:00,10315.87,10327.33,9801.88,9847.02
2019-07-24 00:00:00,9841.42,9911.5,9514.96,9763.67
2019-07-25 00:00:00,9781.52,10187.0,9734.19,9883.96
2019-07-26 00:00:00,9886.08,9897.46,9650.0,9846.94
2019-07-27 00:00:00,9846.94,10235.0,9299.0,9481.37
2019-07-28 00:00:00,9467.84,9634.5,9111.0,9533.19
2019-07-29 00:00:00,9538.73,9725.17,9360.0,9495.39
2019-07-30 00:00:00,9508.21,9775.0,9373.48,9593.62
2019-07-31 00:00:00,9592.26,10143.2,9574.09,10085.34
2019-08-01 00:00:00,10096.01,10499.0,9878.09,10407.71
2019-08-02 00:00:00,10416.79,10670.0,10318.47,10529.51
2019-08-03 00:00:00,10529.51,10919.0,10502.8,10821.52
2019-08-04 00:00:00,10812.58,11085.99,10564.96,10986.96
2019-08-05 00:00:00,10986.55,11959.36,10986.55,11800.0
2019-08-06 00:00:00,11800.0,12325.0,11200.0,11470.0
2019-08-07 00:00:00,11471.58,12145.42,11388.01,11971.57
2019-08-08 00:00:00,11973.46,12061.1,11450.93,11983.43
2019-08-09 00:00:00,11985.6,12040.0,11650.0,11859.32
2019-08-10 00:00:00,11859.32,11976.68,11200.0,11273.2
2019-08-11 00:00:00,11273.03,11589.73,11080.37,11528.73
2019-08-12 00:00:00,11527.44,11551.57,11194.04,11385.11
2019-08-13 00:00:00,11380.61,11446.94,10738.58,10862.28
2019-08-14 00:00:00,10862.25,10862.25,9888.57,10022.99
2019-08-15 00:00:00,10022.5,10444.66,9467.57,10301.44
2019-08-16 00:00:00,10294.9,10540.0,9736.96,10354.34
2019-08-17 00:00:00,10351.18,10472.93,9974.51,10210.89
2019-08-18 00:00:00,10221.94,10515.0,10065.41,10318.99
2019-08-19 00:00:00,10318.99,10940.0,10267.56,10927.3
2019-08-20 00:00:00,10927.3,10955.48,10549.74,10772.22
2019-08-21 00:00:00,10778.75,10807.54,9853.45,10134.75
2019-08-22 00:00:00,10123.56,10238.29,9755.53,10112.01
2019-08-23 00:00:00,10112.45,10479.0,10051.0,10401.6
2019-08-24 00:00:00,10401.87,10432.0,9885.48,10149.7
2019-08-25 00:00:00,10149.38,10355.89,9907.86,10136.75
2019-08-26 00:00:00,10136.75,10650.0,10136.75,10360.97
2019-08-27 00:00:00,10355.11,10375.53,10019.1,10167.29
2019-08-28 00:00:00,10171.39,10280.71,9555.0,9711.78
2019-08-29 00:00:00,9720.2,9720.2,9320.0,9490.0
2019-08-30 00:00:00,9490.56,9700.0,9350.1,9579.75
2019-08-31 00:00:00,9569.3,9682.73,9443.19,9594.15
2019-09-01 00:00:00,9593.5,9832.0,9538.75,9767.53
2019-09-02 00:00:00,9767.56,10471.0,9753.24,10384.48
2019-09-03 00:00:00,10384.07,10783.0,10286.0,10617.61
2019-09-04 00:00:00,10617.72,10834.15,10378.7,10586.26
2019-09-05 00:00:00,10586.26,10664.13,10461.97,10573.66
2019-09-06 00:00:00,10573.04,10949.0,10204.18,10311.09
2019-09-07 00:00:00,10309.04,10580.0,10297.58,10484.39
2019-09-08 00:00:00,10497.57,10594.88,10229.49,10400.18
2019-09-09 00:00:00,10387.33,10542.93,10060.0,10307.45
2019-09-10 00:00:00,10317.62,10390.09,9910.0,10096.0
2019-09-11 00:00:00,10093.39,10243.01,9855.11,10154.46
2019-09-12 00:00:00,10163.81,10465.0,10027.52,10420.34
2019-09-13 00:00:00,10423.99,10458.13,10153.87,10368.65
2019-09-14 00:00:00,10365.81,10441.47,10217.01,10355.37
2019-09-15 00:00:00,10362.52,10383.2,10258.49,10305.74
2019-09-16 00:00:00,10320.36,10378.07,10060.95,10269.98
2019-09-17 00:00:00,10257.2,10280.53,10130.59,10195.73
2019-09-18 00:00:00,10182.96,10263.65,10080.0,10152.09
2019-09-19 00:00:00,10161.59,10380.07,9600.0,10271.53
2019-09-20 00:00:00,10284.72,10308.04,10055.0,10169.02
2019-09-21 00:00:00,10169.02,10180.43,9913.35,9985.28
2019-09-22 00:00:00,9973.0,10093.24,9842.35,10020.58
2019-09-23 00:00:00,10022.38,10048.06,9606.0,9682.19
2019-09-24 00:00:00,9685.69,9782.0,7998.0,8536.82
2019-09-25 00:00:00,8536.71,8746.83,8216.0,8432.16
2019-09-26 00:00:00,8443.44,8467.89,7733.99,8055.03
2019-09-27 00:00:00,8055.25,8294.04,7866.0,8187.72
2019-09-28 00:00:00,8199.96,8356.4,8009.84,8218.07
2019-09-29 00:00:00,8218.07,8244.07,7902.66,8047.6
2019-09-30 00:00:00,8060.13,8368.5,7714.7,8298.45
2019-10-01 00:00:00,8304.47,8531.25,8195.42,8319.01
2019-10-02 00:00:00,8326.41,8393.39,8170.91,8373.42
2019-10-03 00:00:00,8377.68,8419.23,8029.14,8239.92
2019-10-04 00:00:00,8243.39,8244.93,7986.65,8152.07
2019-10-05 00:00:00,8157.89,8195.0,8016.26,8145.17
2019-10-06 00:00:00,8150.73,8176.46,7772.71,7854.12
2019-10-07 00:00:00,7863.75,8313.7,7763.54,8205.53
2019-10-08 00:00:00,8211.04,8344.12,8109.74,8178.54
2019-10-09 00:00:00,8185.85,8707.8,8110.0,8586.34
2019-10-10 00:00:00,8586.57,8666.84,8450.61,8582.11
2019-10-11 00:00:00,8589.08,8820.0,8222.88,8265.55
2019-10-12 00:00:00,8265.16,8427.76,8254.68,8303.43
2019-10-13 00:00:00,8303.43,8474.48,8132.91,8282.96
2019-10-14 00:00:00,8278.39,8416.67,8215.41,8362.99
2019-10-15 00:00:00,8353.33,8420.85,8086.0,8155.13
2019-10-16 00:00:00,8162.45,8179.1,7912.66,7995.89
2019-10-17 00:00:00,7995.73,8130.71,7936.71,8073.32
2019-10-18 00:00:00,8069.26,8120.77,7811.62,7955.08
2019-10-19 00:00:00,7950.48,8096.76,7875.0,7960.49
2019-10-20 00:00:00,7965.39,8314.77,7874.68,8235.74
2019-10-21 00:00:00,8236.49,8352.0,8156.0,8213.65
2019-10-22 00:00:00,8206.53,8314.77,7989.15,8025.9
2019-10-23 00:00:00,8021.57,8052.04,7293.55,7470.77
2019-10-24 00:00:00,7470.77,7512.0,7356.0,7435.0
2019-10-25 00:00:00,7427.0,8784.29,7393.14,8662.66
2019-10-26 00:00:00,8677.09,10350.0,8642.46,9252.75
2019-10-27 00:00:00,9262.72,9819.92,9092.66,9557.08
2019-10-28 00:00:00,9547.32,9950.0,9177.84,9216.44
2019-10-29 00:00:00,9216.39,9573.35,9051.48,9426.94
2019-10-30 00:00:00,9426.94,9437.06,8985.25,9159.94
2019-10-31 00:00:00,9169.55,9438.61,8961.53,9150.07
2019-11-01 00:00:00,9158.08,9303.53,9054.6,9250.45
2019-11-02 00:00:00,9250.7,9396.91,9201.19,9304.75
2019-11-03 00:00:00,9304.75,9384.32,9067.0,9207.0
2019-11-04 00:00:00,9207.0,9586.5,9122.33,9410.76
2019-11-05 00:00:00,9410.76,9485.0,9165.2,9320.14
2019-11-06 00:00:00,9319.1,9448.19,9254.68,9344.78
2019-11-07 00:00:00,9346.02,9373.48,9080.0,9199.36
2019-11-08 00:00:00,9209.3,9253.39,8661.0,8767.37
2019-11-09 00:00:00,8760.38,8876.94,8720.0,8812.21
2019-11-10 00:00:00,8806.85,9142.33,8750.85,9024.49
2019-11-11 00:00:00,9029.88,9075.32,8593.0,8720.36
2019-11-12 00:00:00,8720.36,8872.47,8549.0,8813.91
2019-11-13 00:00:00,8817.0,8839.46,8700.0,8755.24
2019-11-14 00:00:00,8765.53,8791.78,8555.0,8636.9
2019-11-15 00:00:00,8632.07,8799.03,8363.0,8463.49
2019-11-16 00:00:00,8459.38,8539.53,8423.0,8484.63
2019-11-17 00:00:00,8485.61,8631.6,8375.0,8499.31
2019-11-18 00:00:00,8499.53,8508.4,8010.7,8170.65
2019-11-19 00:00:00,8176.9,8197.77,7989.15,8121.63
2019-11-20 00:00:00,8124.08,8231.04,8027.28,8088.44
2019-11-21 00:00:00,8085.54,8116.92,7394.09,7611.51
2019-11-22 00:00:00,7612.23,7714.7,6785.0,7285.85
2019-11-23 00:00:00,7276.21,7356.49,7102.16,7320.39
2019-11-24 00:00:00,7330.98,7349.68,6861.96,6908.36
2019-11-25 00:00:00,6900.9,7380.0,6515.0,7122.14
2019-11-26 00:00:00,7127.12,7344.91,7018.78,7159.22
2019-11-27 00:00:00,7168.74,7676.27,6847.72,7527.84
2019-11-28 00:00:00,7517.82,7659.92,7372.19,7436.72
2019-11-29 00:00:00,7429.32,7870.35,7411.17,7753.69
2019-11-30 00:00:00,7753.69,7815.0,7452.08,7550.67
2019-12-01 00:00:00,7560.2,7560.2,7233.87,7412.66
2019-12-02 00:00:00,7411.75,7431.07,7140.08,7309.64
2019-12-03 00:00:00,7317.94,7415.0,7238.04,7300.43
2019-12-04 00:00:00,7299.2,7772.71,7087.09,7197.78
2019-12-05 00:00:00,7199.58,7500.0,7150.06,7390.42
2019-12-06 00:00:00,7397.35,7618.99,7305.56,7541.79
2019-12-07 00:00:00,7535.46,7638.88,7486.7,7502.65
2019-12-08 00:00:00,7505.86,7580.0,7382.69,7524.26
2019-12-09 00:00:00,7516.8,7666.0,7268.03,7340.52
2019-12-10 00:00:00,7332.05,7400.0,7150.23,7216.07
2019-12-11 00:00:00,7224.5,7271.0,7122.28,7207.42
2019-12-12 00:00:00,7208.95,7296.19,7072.2,7188.42
2019-12-13 00:00:00,7185.15,7302.35,7179.65,7257.47
2019-12-14 00:00:00,7255.94,7269.0,7007.48,7059.03
2019-12-15 00:00:00,7066.35,7225.23,7007.0,7115.08
2019-12-16 00:00:00,7115.08,7147.91,6820.0,6882.19
2019-12-17 00:00:00,6882.08,6938.77,6550.0,6612.3
2019-12-18 00:00:00,6619.53,7449.68,6425.0,7286.91
2019-12-19 00:00:00,7286.91,7372.12,7000.0,7149.57
2019-12-20 00:00:00,7157.53,7218.11,7072.61,7194.11
2019-12-21 00:00:00,7194.13,7194.13,7109.73,7147.4
2019-12-22 00:00:00,7147.4,7530.0,7124.52,7509.7
2019-12-23 00:00:00,7521.88,7692.98,7247.86,7316.17
2019-12-24 00:00:00,7317.47,7431.1,7156.0,7251.52
2019-12-25 00:00:00,7247.45,7266.81,7110.73,7195.79
2019-12-26 00:00:00,7195.8,7432.0,7150.0,7188.3
2019-12-27 00:00:00,7195.17,7255.37,7052.0,7246.0
2019-12-28 00:00:00,7247.7,7349.65,7231.0,7296.24
2019-12-29 00:00:00,7297.43,7524.46,7274.43,7385.54
2019-12-30 00:00:00,7372.79,7384.9,7199.0,7220.24
2019-12-31 00:00:00,7222.74,7302.35,7112.55,7168.36
2020-01-01 00:00:00,7160.69,7237.35,7150.0,7178.68
2020-01-02 00:00:00,7174.7,7184.94,6900.0,6950.56
2020-01-03 00:00:00,6945.7,7402.31,6853.53,7338.91
2020-01-04 00:00:00,7332.58,7396.1,7256.03,7344.48
2020-01-05 00:00:00,7356.05,7495.0,7310.0,7356.7
2020-01-06 00:00:00,7352.12,7817.0,7342.46,7762.74
2020-01-07 00:00:00,7768.17,8220.0,7697.03,8159.01
2020-01-08 00:00:00,8151.79,8463.57,7872.09,8044.44
2020-01-09 00:00:00,8048.94,8048.94,7737.97,7806.78
2020-01-10 00:00:00,7812.7,8200.0,7667.0,8200.0
2020-01-11 00:00:00,8200.0,8286.0,8000.0,8016.22
2020-01-12 00:00:00,8008.1,8190.0,7960.0,8180.76
2020-01-13 00:00:00,8180.75,8196.81,8039.0,8105.01
2020-01-14 00:00:00,8105.01,8895.0,8105.01,8813.04
2020-01-15 00:00:00,8813.2,8903.2,8555.0,8809.17
2020-01-16 00:00:00,8810.62,8852.35,8573.91,8710.15
2020-01-17 00:00:00,8715.39,9015.22,8661.52,8892.63
2020-01-18 00:00:00,8898.03,9000.1,8798.9,8908.53
2020-01-19 00:00:00,8901.02,9188.1,8461.38,8696.6
2020-01-20 00:00:00,8698.97,8740.54,8507.93,8625.17
2020-01-21 00:00:00,8629.66,8778.66,8480.0,8717.89
2020-01-22 00:00:00,8728.47,8792.98,8567.68,8655.93
2020-01-23 00:00:00,8661.63,8665.95,8280.0,8378.44
2020-01-24 00:00:00,8382.08,8530.7,8212.9,8422.13
2020-01-25 00:00:00,8435.83,8437.47,8252.72,8329.5
2020-01-26 00:00:00,8320.0,8600.0,8276.22,8590.48
2020-01-27 00:00:00,8600.0,9004.35,8546.55,8894.54
2020-01-28 00:00:00,8894.57,9413.24,8876.0,9400.0
2020-01-29 00:00:00,9386.57,9443.96,9215.5,9289.18
2020-01-30 00:00:00,9280.83,9570.0,9166.07,9500.0
2020-01-31 00:00:00,9510.84,9529.35,9195.93,9327.85
2020-02-01 00:00:00,9339.26,9464.16,9280.33,9377.17
2020-02-02 00:00:00,9379.6,9474.28,9135.0,9329.39
2020-02-03 00:00:00,9309.69,9615.0,9211.07,9288.09
2020-02-04 00:00:00,9281.0,9348.6,9075.0,9159.37
2020-02-05 00:00:00,9168.49,9775.0,9142.52,9618.42
2020-02-06 00:00:00,9617.84,9859.57,9521.0,9754.63
2020-02-07 00:00:00,9754.63,9878.0,9706.94,9803.42
2020-02-08 00:00:00,9803.71,9948.97,9658.58,9902.0
2020-02-09 00:00:00,9907.7,10178.54,9885.04,10173.97
2020-02-10 00:00:00,10173.51,10199.85,9731.2,9850.01
2020-02-11 00:00:00,9851.99,10383.9,9706.94,10268.98
2020-02-12 00:00:00,10270.98,10495.0,10247.35,10348.78
2020-02-13 00:00:00,10348.78,10500.5,10068.0,10228.67
2020-02-14 00:00:00,10229.19,10398.0,10093.26,10364.04
2020-02-15 00:00:00,10364.04,10408.04,9739.0,9899.78
2020-02-16 00:00:00,9909.71,10051.24,9598.49,9912.89
2020-02-17 00:00:00,9925.96,9973.45,9467.57,9697.15
2020-02-18 00:00:00,9725.57,10288.0,9602.6,10185.17
2020-02-19 00:00:00,10190.3,10300.0,9312.0,9595.72
2020-02-20 00:00:00,9589.1,9706.27,9396.91,9612.76
2020-02-21 00:00:00,9610.4,9773.2,9562.6,9696.13
2020-02-22 00:00:00,9696.13,9722.39,9568.51,9668.13
2020-02-23 00:00:00,9664.08,10024.08,9664.08,9965.21
2020-02-24 00:00:00,9969.79,10027.66,9480.0,9652.58
2020-02-25 00:00:00,9664.87,9682.73,9234.21,9305.4
2020-02-26 00:00:00,9305.4,9369.99,8627.78,8779.36
2020-02-27 00:00:00,8778.37,8974.75,8520.0,8816.5
2020-02-28 00:00:00,8816.5,8900.94,8421.49,8703.84
2020-02-29 00:00:00,8710.0,8805.06,8525.0,8527.74
2020-03-01 00:00:00,8525.0,8756.11,8410.0,8528.95
2020-03-02 00:00:00,8516.0,8980.34,8486.72,8917.34
2020-03-03 00:00:00,8917.34,8921.8,8660.04,8755.45
2020-03-04 00:00:00,8755.45,8850.0,8663.76,8753.28
2020-03-05 00:00:00,8757.79,9169.0,8757.79,9066.65
2020-03-06 00:00:00,9059.0,9187.85,8990.01,9153.79
2020-03-07 00:00:00,9154.1,9219.13,8859.49,8893.93
2020-03-08 00:00:00,8901.12,8901.12,7995.48,8033.7
2020-03-09 00:00:00,8035.79,8191.13,7636.0,7936.25
2020-03-10 00:00:00,7937.2,8158.42,7733.99,7885.92
2020-03-11 00:00:00,7893.63,7988.78,7591.99,7934.57
2020-03-12 00:00:00,7956.29,7969.9,4776.59,4841.67
2020-03-13 00:00:00,4841.67,5990.35,3850.0,5622.74
2020-03-14 00:00:00,5623.16,5663.01,5051.0,5169.37
2020-03-15 00:00:00,5167.38,5965.77,5092.34,5343.64
2020-03-16 00:00:00,5353.04,5353.04,4435.89,5033.42
2020-03-17 00:00:00,5051.41,5569.9,4936.0,5324.99
2020-03-18 00:00:00,5340.95,5452.43,5006.87,5406.92
2020-03-19 00:00:00,5413.0,6433.98,5266.38,6181.18
2020-03-20 00:00:00,6192.94,7139.0,5670.0,6210.14
2020-03-21 00:00:00,6207.66,6461.91,5866.44,6187.78
2020-03-22 00:00:00,6199.17,6419.0,5705.0,5813.15
2020-03-23 00:00:00,5816.57,6629.79,5686.34,6493.51
2020-03-24 00:00:00,6494.7,6893.0,6400.01,6768.64
2020-03-25 00:00:00,6768.64,6989.04,6457.17,6692.22
2020-03-26 00:00:00,6695.47,6798.89,6528.07,6760.72
2020-03-27 00:00:00,6765.15,6872.67,6210.0,6376.03
2020-03-28 00:00:00,6376.03,6376.03,6030.51,6253.08
2020-03-29 00:00:00,6275.11,6278.24,5869.0,5870.9
2020-03-30 00:00:00,5878.47,6630.0,5856.0,6407.77
2020-03-31 00:00:00,6408.95,6527.24,6337.42,6421.14
2020-04-01 00:00:00,6428.74,6710.21,6137.71,6652.07
2020-04-02 00:00:00,6669.95,7236.39,6575.13,6801.99
2020-04-03 00:00:00,6789.63,7047.96,6610.0,6742.57
2020-04-04 00:00:00,6737.36,7014.0,6655.54,6879.61
2020-04-05 00:00:00,6887.22,6914.01,6678.51,6775.2
2020-04-06 00:00:00,6780.57,7376.59,6773.75,7352.43
2020-04-07 00:00:00,7335.85,7469.0,7077.0,7202.73
2020-04-08 00:00:00,7204.78,7428.95,7152.0,7367.36
2020-04-09 00:00:00,7370.85,7376.59,7107.38,7293.93
2020-04-10 00:00:00,7299.12,7306.1,6750.15,6877.03
2020-04-11 00:00:00,6866.03,6955.59,6771.24,6883.18
2020-04-12 00:00:00,6882.75,7201.76,6790.74,6908.24
2020-04-13 00:00:00,6908.21,6914.01,6542.91,6864.22
2020-04-14 00:00:00,6864.66,6991.0,6766.96,6879.75
2020-04-15 00:00:00,6868.88,6940.0,6598.55,6619.0
2020-04-16 00:00:00,6619.0,7224.18,6472.67,7111.67
2020-04-17 00:00:00,7121.35,7158.22,6995.39,7024.19
2020-04-18 00:00:00,7020.13,7306.15,7020.13,7262.26
2020-04-19 00:00:00,7265.94,7276.21,7057.46,7126.4
2020-04-20 00:00:00,7124.27,7220.0,6757.75,6841.0
2020-04-21 00:00:00,6833.0,6950.98,6774.48,6854.98
2020-04-22 00:00:00,6850.6,7171.26,6819.59,7137.79
2020-04-23 00:00:00,7138.29,7756.69,7031.07,7484.58
2020-04-24 00:00:00,7494.2,7612.91,7391.57,7505.53
2020-04-25 00:00:00,7518.81,7723.77,7432.8,7547.56
2020-04-26 00:00:00,7565.0,7718.0,7485.0,7701.73
2020-04-27 00:00:00,7708.87,7813.68,7637.03,7786.41
2020-04-28 00:00:00,7794.22,7798.42,7650.0,7767.79
2020-04-29 00:00:00,7762.07,8970.0,7717.14,8790.32
2020-04-30 00:00:00,8789.79,9485.26,8407.0,8627.32
2020-05-01 00:00:00,8629.72,9075.0,8616.17,8832.44
2020-05-02 00:00:00,8836.0,9022.0,8760.0,8983.79
2020-05-03 00:00:00,8982.56,9207.82,8723.78,8915.98
2020-05-04 00:00:00,8924.14,8974.34,8528.42,8882.87
2020-05-05 00:00:00,8889.24,9120.0,8760.1,9034.85
2020-05-06 00:00:00,9040.0,9417.95,8921.03,9154.32
2020-05-07 00:00:00,9163.63,10074.0,9030.03,10000.0
2020-05-08 00:00:00,10008.19,10048.38,9725.0,9801.35
2020-05-09 00:00:00,9809.04,9914.0,9515.4,9546.56
2020-05-10 00:00:00,9527.31,9565.2,8109.0,8731.17
2020-05-11 00:00:00,8740.88,9182.97,8181.0,8571.98
2020-05-12 00:00:00,8574.19,8984.87,8534.97,8825.46
2020-05-13 00:00:00,8816.99,9418.46,8804.47,9315.5
2020-05-14 00:00:00,9323.73,9945.34,9254.85,9793.5
2020-05-15 00:00:00,9809.91,9844.66,9112.0,9306.21
2020-05-16 00:00:00,9307.43,9590.0,9216.08,9389.07
2020-05-17 00:00:00,9377.79,9894.88,9326.53,9665.7
2020-05-18 00:00:00,9672.95,9966.12,9451.2,9721.91
2020-05-19 00:00:00,9730.0,9903.89,9455.05,9787.65
2020-05-20 00:00:00,9776.3,9843.87,9100.0,9516.51
2020-05-21 00:00:00,9505.61,9573.29,8800.0,9062.47
2020-05-22 00:00:00,9062.25,9272.97,8924.91,9171.96
2020-05-23 00:00:00,9171.96,9316.12,9084.83,9183.46
2020-05-24 00:00:00,9183.93,9310.91,8669.0,8718.77
2020-05-25 00:00:00,8710.12,8984.16,8630.0,8903.56
2020-05-26 00:00:00,8903.22,9012.0,8690.0,8840.91
2020-05-27 00:00:00,8835.79,9230.21,8810.99,9210.0
2020-05-28 00:00:00,9209.99,9625.01,9105.79,9577.38
2020-05-29 00:00:00,9581.49,9610.0,9330.0,9421.04
2020-05-30 00:00:00,9428.52,9758.27,9326.28,9705.1
2020-05-31 00:00:00,9705.1,9711.7,9373.96,9446.19
2020-06-01 00:00:00,9444.61,10429.26,9416.5,10203.64
2020-06-02 00:00:00,10203.64,10241.26,9135.68,9525.73
2020-06-03 00:00:00,9522.52,9699.95,9380.99,9668.99
2020-06-04 00:00:00,9668.0,9888.0,9430.0,9791.92
2020-06-05 00:00:00,9791.0,9856.48,9592.74,9619.99
2020-06-06 00:00:00,9616.17,9744.39,9525.76,9669.85
2020-06-07 00:00:00,9673.08,9829.31,9356.0,9750.04
2020-06-08 00:00:00,9759.04,9813.67,9645.0,9783.0
2020-06-09 00:00:00,9786.64,9897.46,9566.81,9776.84
2020-06-10 00:00:00,9782.3,10011.4,9578.0,9894.32
2020-06-11 00:00:00,9894.32,9981.24,9078.91,9264.26
2020-06-12 00:00:00,9265.95,9555.0,9230.0,9463.07
2020-06-13 00:00:00,9465.92,9500.0,9345.71,9473.46
2020-06-14 00:00:00,9478.93,9479.59,9235.01,9329.99
2020-06-15 00:00:00,9329.99,9505.4,8900.0,9435.15
2020-06-16 00:00:00,9435.41,9596.31,9374.9,9530.3
2020-06-17 00:00:00,9530.62,9566.53,9230.32,9461.29
2020-06-18 00:00:00,9459.82,9478.69,9250.0,9374.78
2020-06-19 00:00:00,9374.83,9429.99,9225.15,9304.32
2020-06-20 00:00:00,9287.6,9400.0,9138.0,9355.46
2020-06-21 00:00:00,9355.93,9421.26,9271.52,9283.03
2020-06-22 00:00:00,9287.89,9798.76,9267.2,9683.12
2020-06-23 00:00:00,9688.26,9725.3,9571.0,9622.81
2020-06-24 00:00:00,9617.88,9666.35,9193.99,9286.06
2020-06-25 00:00:00,9286.3,9343.49,8989.0,9239.48
2020-06-26 00:00:00,9237.98,9289.71,9024.61,9158.26
2020-06-27 00:00:00,9158.13,9189.0,8830.63,9009.3
2020-06-28 00:00:00,9008.33,9191.72,8933.06,9118.01
2020-06-29 00:00:00,9118.8,9240.36,9014.92,9188.88
2020-06-30 00:00:00,9187.85,9201.95,9060.0,9132.96
2020-07-01 00:00:00,9136.89,9300.0,9089.8,9233.38
2020-07-02 00:00:00,9230.97,9268.54,8939.0,9092.92
2020-07-03 00:00:00,9091.68,9127.11,9027.17,9063.08
2020-07-04 00:00:00,9053.87,9196.0,9045.94,9138.52
2020-07-05 00:00:00,9142.16,9147.37,8905.0,9076.82
2020-07-06 00:00:00,9077.18,9376.34,9060.5,9348.22
2020-07-07 00:00:00,9346.9,9385.81,9201.78,9257.16
2020-07-08 00:00:00,9257.21,9479.57,9228.91,9437.16
2020-07-09 00:00:00,9441.76,9448.5,9157.11,9234.9
2020-07-10 00:00:00,9234.91,9318.92,9053.14,9283.53
2020-07-11 00:00:00,9291.0,9304.95,9180.0,9238.3
2020-07-12 00:00:00,9234.07,9347.76,9153.48,9306.17
2020-07-13 00:00:00,9304.94,9351.17,9190.49,9233.1
2020-07-14 00:00:00,9234.19,9282.08,9095.0,9251.59
2020-07-15 00:00:00,9256.33,9276.98,9153.38,9190.07
2020-07-16 00:00:00,9191.0,9217.5,9026.51,9132.87
2020-07-17 00:00:00,9134.44,9184.28,9073.53,9156.5
2020-07-18 00:00:00,9150.51,9214.63,9122.72,9177.43
2020-07-19 00:00:00,9175.7,9243.36,9106.3,9211.99
2020-07-20 00:00:00,9213.15,9224.73,9128.21,9162.43
2020-07-21 00:00:00,9161.77,9442.89,9152.23,9391.25
2020-07-22 00:00:00,9395.98,9573.0,9280.8,9539.51
2020-07-23 00:00:00,9537.23,9690.0,9453.38,9617.2
2020-07-24 00:00:00,9614.85,9650.55,9474.35,9547.91
2020-07-25 00:00:00,9549.34,9751.82,9532.79,9710.98
2020-07-26 00:00:00,9712.45,10200.0,9657.0,9944.65
2020-07-27 00:00:00,9941.25,11417.11,9933.77,11046.19
2020-07-28 00:00:00,11049.4,11263.85,10583.48,10939.27
2020-07-29 00:00:00,10931.91,11358.47,10855.81,11111.17
2020-07-30 00:00:00,11105.01,11189.0,10832.0,11112.12
2020-07-31 00:00:00,11110.84,11457.95,10973.8,11356.74
2020-08-01 00:00:00,11357.98,11883.36,11228.0,11817.49
2020-08-02 00:00:00,11808.21,12100.0,10559.59,11071.66
2020-08-03 00:00:00,11074.92,11480.0,10933.26,11236.39
2020-08-04 00:00:00,11236.39,11420.0,11000.79,11192.42
2020-08-05 00:00:00,11193.48,11795.86,11094.35,11755.24
2020-08-06 00:00:00,11759.9,11913.5,11575.57,11770.08
2020-08-07 00:00:00,11770.26,11920.0,11219.0,11600.85
2020-08-08 00:00:00,11601.75,11817.95,11527.0,11776.9
2020-08-09 00:00:00,11767.93,11808.28,11527.92,11683.03
2020-08-10 00:00:00,11684.6,12080.0,11510.0,11895.12
2020-08-11 00:00:00,11896.37,11945.05,11130.0,11392.64
2020-08-12 00:00:00,11386.5,11625.0,11150.0,11565.35
2020-08-13 00:00:00,11567.74,11806.61,11270.91,11793.26
2020-08-14 00:00:00,11797.55,11862.0,11652.01,11779.77
2020-08-15 00:00:00,11771.97,11986.93,11667.7,11852.2
2020-08-16 00:00:00,11858.6,11938.55,11685.97,11914.02
2020-08-17 00:00:00,11916.83,12473.0,11771.44,12298.38
2020-08-18 00:00:00,12301.27,12408.53,11823.0,11958.1
2020-08-19 00:00:00,11950.0,12022.18,11574.4,11757.55
2020-08-20 00:00:00,11762.18,11894.12,11675.29,11859.37
2020-08-21 00:00:00,11857.18,11887.67,11485.49,11531.74
2020-08-22 00:00:00,11527.81,11694.02,11367.0,11667.7
2020-08-23 00:00:00,11678.17,11715.09,11524.7,11644.65
2020-08-24 00:00:00,11653.7,11832.55,11588.61,11761.8
2020-08-25 00:00:00,11750.4,11772.22,11112.75,11328.88
2020-08-26 00:00:00,11328.5,11549.8,11250.14,11469.3
2020-08-27 00:00:00,11462.91,11602.92,11122.72,11330.0
2020-08-28 00:00:00,11332.26,11555.61,11277.95,11536.58
2020-08-29 00:00:00,11538.74,11592.0,11423.64,11471.71
2020-08-30 00:00:00,11471.71,11715.69,11458.62,11708.97
2020-08-31 00:00:00,11713.11,11780.0,11573.39,11655.0
2020-09-01 00:00:00,11658.48,12065.82,11515.0,11923.96
2020-09-02 00:00:00,11919.53,11956.45,11155.32,11398.44
2020-09-03 00:00:00,11395.1,11477.35,9987.86,10160.0
2020-09-04 00:00:00,10160.0,10646.75,9902.43,10456.32
2020-09-05 00:00:00,10460.2,10567.9,9850.0,10167.19
2020-09-06 00:00:00,10165.47,10353.39,10000.0,10260.17
2020-09-07 00:00:00,10258.43,10415.66,9880.0,10377.14
2020-09-08 00:00:00,10377.5,10446.18,9825.07,10123.96
2020-09-09 00:00:00,10126.01,10353.39,9981.38,10232.8
2020-09-10 00:00:00,10221.76,10495.75,10220.0,10342.59
2020-09-11 00:00:00,10341.38,10409.44,10200.5,10393.04
2020-09-12 00:00:00,10400.46,10482.42,10275.0,10443.33
2020-09-13 00:00:00,10446.4,10576.78,10214.9,10334.78
2020-09-14 00:00:00,10338.82,10765.03,10250.13,10675.15
2020-09-15 00:00:00,10671.4,10940.01,10611.17,10783.83
2020-09-16 00:00:00,10785.0,11100.0,10662.81,10951.54
2020-09-17 00:00:00,10950.15,11054.0,10739.23,10940.47
2020-09-18 00:00:00,10947.35,11040.18,10816.54,10931.2
2020-09-19 00:00:00,10935.49,11183.01,10890.53,11077.22
2020-09-20 00:00:00,11070.84,11079.25,10755.9,10923.5
2020-09-21 00:00:00,10921.53,10996.98,10286.56,10411.29
2020-09-22 00:00:00,10418.83,10573.05,10353.39,10534.31
2020-09-23 00:00:00,10525.72,10541.39,10138.3,10233.42
2020-09-24 00:00:00,10236.86,10795.53,10193.2,10744.02
2020-09-25 00:00:00,10738.46,10762.65,10553.14,10689.81
2020-09-26 00:00:00,10694.23,10830.0,10655.29,10729.09
2020-09-27 00:00:00,10731.09,10807.14,10593.58,10780.66
2020-09-28 00:00:00,10779.99,10950.0,10628.52,10689.48
2020-09-29 00:00:00,10681.41,10865.0,10636.66,10836.42
2020-09-30 00:00:00,10840.0,10847.5,10658.56,10778.22
2020-10-01 00:00:00,10780.83,10940.22,10437.08,10622.71
2020-10-02 00:00:00,10611.17,10667.53,10380.0,10578.54
2020-10-03 00:00:00,10571.6,10605.79,10500.0,10553.66
2020-10-04 00:00:00,10543.17,10699.88,10524.81,10669.63
2020-10-05 00:00:00,10666.16,10805.82,10620.71,10795.0
2020-10-06 00:00:00,10797.36,10801.86,10525.0,10606.33
2020-10-07 00:00:00,10602.31,10682.56,10547.71,10669.14
2020-10-08 00:00:00,10669.1,10957.0,10535.06,10925.2
2020-10-09 00:00:00,10927.02,11118.49,10826.4,11052.0
2020-10-10 00:00:00,11060.46,11496.06,11059.62,11301.2
2020-10-11 00:00:00,11300.97,11447.44,11272.11,11372.93
2020-10-12 00:00:00,11372.48,11731.7,11175.99,11535.98
2020-10-13 00:00:00,11539.42,11567.4,11314.53,11427.98
2020-10-14 00:00:00,11440.28,11555.1,11287.42,11428.84
2020-10-15 00:00:00,11430.49,11623.6,11250.01,11511.11
2020-10-16 00:00:00,11506.53,11548.65,11200.0,11321.86
2020-10-17 00:00:00,11331.88,11415.48,11264.01,11365.8
2020-10-18 00:00:00,11363.4,11526.34,11352.79,11519.97
2020-10-19 00:00:00,11518.58,11840.0,11409.94,11764.14
2020-10-20 00:00:00,11759.2,12059.94,11680.0,11921.11
2020-10-21 00:00:00,11921.33,13235.0,11899.1,12802.67
2020-10-22 00:00:00,12802.63,13208.25,12686.73,12983.26
2020-10-23 00:00:00,12983.26,13037.26,12729.82,12941.59
2020-10-24 00:00:00,12940.03,13182.83,12887.38,13122.73
2020-10-25 00:00:00,13115.18,13363.53,12903.74,13039.09
2020-10-26 00:00:00,13041.12,13250.0,12773.5,13066.73
2020-10-27 00:00:00,13065.1,13788.0,13057.09,13647.9
2020-10-28 00:00:00,13642.31,13864.89,12892.0,13274.73
2020-10-29 00:00:00,13275.82,13650.0,12993.0,13468.44
2020-10-30 00:00:00,13456.14,13675.56,13129.26,13562.13
2020-10-31 00:00:00,13569.42,14100.0,13420.97,13816.08
2020-11-01 00:00:00,13799.44,13907.47,13629.31,13762.0
2020-11-02 00:00:00,13762.0,13842.5,13220.0,13563.72
2020-11-03 00:00:00,13578.82,14083.76,13287.7,14041.58
2020-11-04 00:00:00,14041.58,14277.5,13520.87,14160.59
2020-11-05 00:00:00,14168.49,15770.58,14100.0,15605.04
2020-11-06 00:00:00,15608.32,15968.98,15196.01,15598.09
2020-11-07 00:00:00,15603.28,15778.6,14351.0,14838.97
2020-11-08 00:00:00,14829.32,15664.9,14727.19,15489.15
2020-11-09 00:00:00,15484.68,15854.48,14824.66,15332.04
2020-11-10 00:00:00,15349.32,15482.76,15092.47,15313.65
2020-11-11 00:00:00,15314.94,15991.01,15290.85,15707.89
2020-11-12 00:00:00,15702.0,16369.99,15481.0,16300.0
2020-11-13 00:00:00,16300.0,16494.52,15970.33,16335.58
2020-11-14 00:00:00,16339.06,16341.89,15715.1,16086.34
2020-11-15 00:00:00,16092.8,16170.0,15786.46,15975.49
2020-11-16 00:00:00,15975.49,16894.93,15875.5,16724.62
2020-11-17 00:00:00,16727.85,17868.0,16570.0,17680.63
2020-11-18 00:00:00,17681.77,18483.0,17041.47,17785.95
2020-11-19 00:00:00,17792.96,18189.97,17346.62,17825.47
2020-11-20 00:00:00,17822.37,18824.88,17755.81,18687.65
2020-11-21 00:00:00,18685.08,18977.0,18333.45,18725.0
2020-11-22 00:00:00,18726.43,18770.55,17600.0,18435.2
2020-11-23 00:00:00,18432.6,18786.31,18001.95,18383.35
2020-11-24 00:00:00,18386.92,19442.13,18068.56,19160.85
2020-11-25 00:00:00,19175.13,19490.0,18470.91,18732.43
2020-11-26 00:00:00,18727.24,18911.04,16218.0,17160.09
2020-11-27 00:00:00,17168.31,17471.89,16435.47,17154.39
2020-11-28 00:00:00,17160.38,17896.03,16875.01,17741.79
2020-11-29 00:00:00,17724.41,18352.47,17534.87,18192.03
2020-11-30 00:00:00,18196.75,19864.15,18196.75,19700.19
2020-12-01 00:00:00,19703.53,19918.01,18100.0,18771.43
2020-12-02 00:00:00,18773.21,19346.9,18334.0,19226.55
2020-12-03 00:00:00,19220.09,19621.0,18881.62,19448.4
2020-12-04 00:00:00,19439.94,19552.5,18573.89,18673.76
2020-12-05 00:00:00,18650.08,19185.17,18500.0,19162.16
2020-12-06 00:00:00,19162.17,19418.39,18870.62,19380.58
2020-12-07 00:00:00,19385.13,19431.0,18905.0,19173.5
2020-12-08 00:00:00,19183.13,19300.55,18163.52,18316.43
2020-12-09 00:00:00,18311.31,18654.92,17640.33,18556.64
2020-12-10 00:00:00,18546.38,18562.13,17908.0,18250.3
2020-12-11 00:00:00,18250.3,18290.43,17569.58,18040.02
2020-12-12 00:00:00,18031.23,18956.46,18022.55,18815.63
2020-12-13 00:00:00,18806.83,19416.64,18628.1,19162.36
2020-12-14 00:00:00,19151.82,19346.9,18979.21,19274.33
2020-12-15 00:00:00,19274.33,19567.84,19050.0,19434.87
2020-12-16 00:00:00,19434.55,21576.76,19277.66,21365.7
2020-12-17 00:00:00,21358.96,23777.0,21244.04,22814.24
2020-12-18 00:00:00,22829.89,23284.68,22360.93,23136.14
2020-12-19 00:00:00,23142.05,24217.38,22719.78,23842.99
2020-12-20 00:00:00,23842.38,24298.04,23092.77,23470.85
2020-12-21 00:00:00,23470.85,24123.83,21864.86,22732.01
2020-12-22 00:00:00,22750.07,23843.21,22383.59,23835.1
2020-12-23 00:00:00,23819.08,24096.9,22624.92,23247.71
2020-12-24 00:00:00,23215.0,23779.14,22700.1,23726.28
2020-12-25 00:00:00,23747.22,24777.0,23403.82,24705.15
2020-12-26 00:00:00,24714.01,26809.5,24485.32,26466.28
2020-12-27 00:00:00,26472.89,28377.94,25770.0,26259.6
2020-12-28 00:00:00,26242.82,27473.49,26079.6,27037.91
2020-12-29 00:00:00,27037.9,27395.0,25831.85,27370.0
2020-12-30 00:00:00,27370.0,29010.32,27328.37,28881.3
2020-12-31 00:00:00,28893.21,29300.0,27930.75,28992.79
2021-01-01 00:00:00,28999.63,29700.0,28720.0,29402.64
2021-01-02 00:00:00,29410.77,33333.0,29050.0,32216.53
2021-01-03 00:00:00,32216.51,34800.0,31977.45,33097.83
2021-01-04 00:00:00,33068.83,33669.76,27734.0,32005.88
2021-01-05 00:00:00,32054.23,34500.0,29936.26,34039.05
2021-01-06 00:00:00,34081.24,37050.83,33348.27,36849.94
2021-01-07 00:00:00,36875.96,40402.46,36327.5,39510.49
2021-01-08 00:00:00,39510.59,42000.0,36618.36,40667.07
2021-01-09 00:00:00,40682.76,41422.77,38788.16,40239.06
2021-01-10 00:00:00,40239.06,41450.0,34322.07,38173.73
2021-01-11 00:00:00,38164.88,38261.39,30261.13,35455.58
2021-01-12 00:00:00,35449.71,36639.23,32479.91,34035.02
2021-01-13 00:00:00,34035.02,37800.0,32327.76,37393.49
2021-01-14 00:00:00,37393.49,40112.78,36717.23,39134.35
2021-01-15 00:00:00,39147.98,39694.0,34380.0,36756.57
2021-01-16 00:00:00,36778.66,37944.12,35350.0,36000.0
2021-01-17 00:00:00,36013.51,36839.0,33833.55,35819.25
2021-01-18 00:00:00,35826.36,37449.86,34777.85,36616.95
2021-01-19 00:00:00,36665.82,37874.71,35888.0,35917.62
2021-01-20 00:00:00,35888.13,36440.1,33400.0,35496.91
2021-01-21 00:00:00,35516.17,35620.96,30044.16,30818.18
2021-01-22 00:00:00,30817.86,33864.85,28800.0,32992.06
2021-01-23 00:00:00,32989.1,33468.46,31426.11,32117.49
2021-01-24 00:00:00,32098.38,33075.75,30960.77,32288.83
2021-01-25 00:00:00,32289.06,34888.0,31939.12,32261.22
2021-01-26 00:00:00,32264.15,32953.28,30847.4,32504.53
2021-01-27 00:00:00,32521.65,32580.12,29150.49,30424.62
2021-01-28 00:00:00,30427.34,33870.58,29899.99,33484.87
2021-01-29 00:00:00,33488.66,38620.0,31990.0,34249.64
2021-01-30 00:00:00,34265.71,34931.39,32860.0,34323.0
2021-01-31 00:00:00,34300.19,34380.21,32193.7,33141.38
2021-02-01 00:00:00,33110.32,34736.1,32333.01,33532.74
2021-02-02 00:00:00,33497.16,36008.67,33431.67,35522.16
2021-02-03 00:00:00,35496.91,37732.87,35382.45,37691.63
2021-02-04 00:00:00,37693.0,38748.52,36197.65,36996.32
2021-02-05 00:00:00,36984.28,38359.69,36618.36,38320.0
2021-02-06 00:00:00,38320.0,41025.48,38230.81,39282.1
2021-02-07 00:00:00,39274.8,39727.44,37412.93,38858.39
2021-02-08 00:00:00,38870.36,46712.12,38050.97,46416.45
2021-02-09 00:00:00,46445.51,48216.09,45000.0,46505.2
2021-02-10 00:00:00,46493.9,47364.09,43746.06,44854.63
2021-02-11 00:00:00,44854.63,48696.84,44040.96,47981.48
2021-02-12 00:00:00,48044.88,49000.0,46231.16,47395.84
2021-02-13 00:00:00,47424.25,48220.0,46133.0,47228.48
2021-02-14 00:00:00,47258.66,49714.66,47081.02,48662.5
2021-02-15 00:00:00,48620.48,49048.82,45914.75,47942.57
2021-02-16 00:00:00,47954.05,50602.53,47036.02,49166.53
2021-02-17 00:00:00,49136.7,52640.0,48896.19,52174.28
2021-02-18 00:00:00,52141.23,52566.98,50869.61,51579.54
2021-02-19 00:00:00,51560.46,56399.99,50627.32,55988.58
2021-02-20 00:00:00,56000.59,57553.81,54000.0,55936.04
2021-02-21 00:00:00,55919.75,58354.14,55537.99,57492.91
2021-02-22 00:00:00,57485.74,57564.19,47400.0,54173.65
2021-02-23 00:00:00,54173.64,54196.58,44845.72,48887.93
2021-02-24 00:00:00,48927.33,51459.51,47000.0,49754.0
2021-02-25 00:00:00,49715.13,52079.16,46723.0,47088.58
2021-02-26 00:00:00,47070.18,48476.62,44151.97,46314.83
2021-02-27 00:00:00,46324.15,48365.31,45050.0,46109.98
2021-02-28 00:00:00,46142.1,46659.88,43021.0,45240.96
2021-03-01 00:00:00,45261.56,49831.52,45020.25,49629.33
2021-03-02 00:00:00,49641.89,50250.0,47069.52,48516.35
2021-03-03 00:00:00,48438.0,52652.82,48168.45,50379.68
2021-03-04 00:00:00,50376.05,51817.54,47500.0,48360.5
2021-03-05 00:00:00,48353.09,49471.24,46294.0,48739.21
2021-03-06 00:00:00,48774.67,49200.0,47082.29,48904.63
2021-03-07 00:00:00,48933.12,51477.53,48933.12,50967.3
2021-03-08 00:00:00,50952.55,52427.8,49316.98,52427.8
2021-03-09 00:00:00,52427.8,54939.26,51857.0,54929.02
2021-03-10 00:00:00,54927.29,57402.89,53010.0,55852.29
2021-03-11 00:00:00,55918.09,58155.99,54269.0,57772.09
2021-03-12 00:00:00,57847.92,58098.5,55011.0,57271.04
2021-03-13 00:00:00,57297.67,61781.83,56080.96,61165.19
2021-03-14 00:00:00,61177.03,61700.0,58959.57,59016.39
2021-03-15 00:00:00,58956.9,60595.13,54555.0,55644.37
2021-03-16 00:00:00,55616.42,56950.0,53221.0,56908.34
2021-03-17 00:00:00,56928.38,58968.8,54124.0,58901.8
2021-03-18 00:00:00,58939.73,60083.25,57000.0,57648.05
2021-03-19 00:00:00,57648.01,59450.95,56279.34,58072.0
2021-03-20 00:00:00,58029.94,59957.0,57815.61,58138.39
2021-03-21 00:00:00,58072.87,58632.52,55500.0,57381.79
2021-03-22 00:00:00,57410.54,58461.78,53715.0,54070.92
2021-03-23 00:00:00,54117.71,55866.44,52933.03,54361.57
2021-03-24 00:00:00,54360.07,57207.33,51638.76,52287.52
2021-03-25 00:00:00,52281.77,53271.59,50360.0,51326.11
2021-03-26 00:00:00,51292.65,55114.86,51263.38,55081.37
2021-03-27 00:00:00,55081.26,56686.15,53948.35,55839.42
2021-03-28 00:00:00,55817.85,56573.04,54677.51,55790.92
2021-03-29 00:00:00,55790.28,58402.68,54892.42,57600.1
2021-03-30 00:00:00,57623.66,59388.66,57011.0,58760.59
2021-03-31 00:00:00,58767.75,59816.17,56713.45,58782.58
2021-04-01 00:00:00,58789.96,59490.0,57935.42,58728.53
2021-04-02 00:00:00,58744.0,60103.04,58450.0,59003.6
2021-04-03 00:00:00,58967.61,59801.39,56922.0,57064.42
2021-04-04 00:00:00,57064.13,58501.0,56466.25,58212.18
2021-04-05 00:00:00,58213.69,59280.0,56800.0,59125.0
2021-04-06 00:00:00,59135.36,59473.9,57216.0,58018.3
2021-04-07 00:00:00,58024.9,58668.0,55441.93,55932.83
2021-04-08 00:00:00,55912.38,58145.49,55680.4,58096.6
2021-04-09 00:00:00,58066.18,58890.25,57657.43,58109.56
2021-04-10 00:00:00,58129.02,61222.22,57870.0,59766.93
2021-04-11 00:00:00,59773.19,60679.0,59165.15,59979.26
2021-04-12 00:00:00,59972.26,61234.56,59361.11,59831.66
2021-04-13 00:00:00,59814.87,63769.0,59780.0,63564.48
2021-04-14 00:00:00,63605.69,64895.22,61327.0,62986.09
2021-04-15 00:00:00,62954.2,63855.37,61998.9,63239.19
2021-04-16 00:00:00,63247.24,63580.4,60042.04,61436.24
2021-04-17 00:00:00,61436.23,62596.48,59676.67,60032.29
2021-04-18 00:00:00,60048.82,60433.81,51541.16,56280.6
2021-04-19 00:00:00,56260.83,57633.0,54252.88,55694.55
2021-04-20 00:00:00,55694.55,57119.0,53400.0,56503.19
2021-04-21 00:00:00,56493.02,56850.0,53628.79,53806.24
2021-04-22 00:00:00,53823.48,55491.8,50450.01,51683.95
2021-04-23 00:00:00,51693.98,52131.34,47555.0,51176.65
2021-04-24 00:00:00,51177.77,51227.38,48713.34,50118.94
2021-04-25 00:00:00,50126.34,50608.94,47004.2,49128.43
2021-04-26 00:00:00,49122.75,54404.78,48823.01,54073.41
2021-04-27 00:00:00,54015.32,55519.37,53325.75,55091.39
2021-04-28 00:00:00,55094.73,56500.0,53811.49,54901.97
2021-04-29 00:00:00,54898.45,55239.33,52379.9,53593.97
2021-04-30 00:00:00,53585.93,58008.0,53087.15,57775.27
2021-05-01 00:00:00,57790.66,58549.0,57049.63,57851.91
2021-05-02 00:00:00,57893.01,57967.01,56064.51,56622.66
2021-05-03 00:00:00,56599.91,59000.0,56500.0,57222.37
2021-05-04 00:00:00,57227.64,57250.85,53080.69,53236.84
2021-05-05 00:00:00,53221.75,57976.62,52924.5,57509.93
2021-05-06 00:00:00,57517.08,58420.83,55283.0,56447.39
2021-05-07 00:00:00,56425.82,58743.85,55288.11,57381.73
2021-05-08 00:00:00,57371.02,59564.24,56977.5,58984.75
2021-05-09 00:00:00,58964.89,59300.62,56256.0,58305.24
2021-05-10 00:00:00,58336.16,59603.0,53500.0,55880.72
2021-05-11 00:00:00,55854.43,56972.33,54500.0,56763.7
2021-05-12 00:00:00,56763.7,58021.26,48530.0,49386.56
2021-05-13 00:00:00,49419.44,51420.72,45700.0,49694.96
2021-05-14 00:00:00,49711.64,51572.0,48875.69,49880.43
2021-05-15 00:00:00,49883.89,50710.93,46448.53,46708.89
2021-05-16 00:00:00,46753.4,49800.0,43769.4,46444.75
2021-05-17 00:00:00,46446.42,46648.5,42100.0,43593.39
2021-05-18 00:00:00,43581.27,45872.05,42023.69,42877.75
2021-05-19 00:00:00,42900.85,43601.63,30066.0,36780.43
2021-05-20 00:00:00,36793.39,43000.0,35000.0,40640.9
2021-05-21 00:00:00,40566.13,42297.89,33520.0,37335.16
2021-05-22 00:00:00,37318.43,38887.99,35260.0,37500.54
2021-05-23 00:00:00,37474.34,38311.74,31107.46,34706.79
2021-05-24 00:00:00,34735.35,39960.0,34426.21,38839.86
2021-05-25 00:00:00,38848.36,40000.0,36486.85,38397.72
2021-05-26 00:00:00,38385.87,40904.0,37859.74,39309.56
2021-05-27 00:00:00,39299.46,40429.47,37212.9,38503.47
2021-05-28 00:00:00,38578.5,38905.12,34710.23,35692.46
2021-05-29 00:00:00,35691.36,37348.01,33650.0,34632.08
2021-05-30 00:00:00,34644.09,36516.99,33425.0,35677.72
2021-05-31 00:00:00,35675.3,37540.96,34195.2,37341.41
2021-06-01 00:00:00,37279.89,37927.44,35699.98,36693.3
2021-06-02 00:00:00,36693.3,38256.3,35933.19,37589.36
2021-06-03 00:00:00,37585.12,39490.0,37176.06,39219.88
2021-06-04 00:00:00,39242.94,39277.36,35576.67,36887.32
2021-06-05 00:00:00,36851.58,37927.93,34849.65,35532.14
2021-06-06 00:00:00,35532.59,36510.58,35250.0,35808.85
2021-06-07 00:00:00,35810.69,36808.3,33321.09,33582.62
2021-06-08 00:00:00,33567.51,34085.61,31025.0,33411.69
2021-06-09 00:00:00,33413.19,37556.25,32423.72,37400.0
2021-06-10 00:00:00,37414.64,38446.24,35824.69,36707.54
2021-06-11 00:00:00,36724.97,37680.65,35958.49,37341.11
2021-06-12 00:00:00,37338.91,37445.55,34630.0,35542.76
2021-06-13 00:00:00,35563.66,39386.43,34783.9,39013.76
2021-06-14 00:00:00,39035.52,41050.0,38758.4,40532.79
2021-06-15 00:00:00,40544.19,41341.57,39526.47,40171.47
2021-06-16 00:00:00,40166.93,40506.59,38095.41,38353.99
2021-06-17 00:00:00,38361.38,39553.05,37350.0,38097.68
2021-06-18 00:00:00,38110.25,38208.68,35143.68,35840.0
2021-06-19 00:00:00,35849.18,36440.0,34718.21,35507.06
2021-06-20 00:00:00,35494.7,36125.0,33337.0,35589.77
2021-06-21 00:00:00,35598.66,35763.8,31238.69,31634.16
2021-06-22 00:00:00,31628.83,33315.85,28600.0,32545.26
2021-06-23 00:00:00,32547.57,35000.0,31670.89,33652.28
2021-06-24 00:00:00,33693.99,35289.0,32314.37,34649.32
2021-06-25 00:00:00,34652.68,35517.22,31271.02,31597.75
2021-06-26 00:00:00,31595.95,32714.46,30082.79,32269.38
2021-06-27 00:00:00,32293.98,34772.94,32015.82,34699.5
2021-06-28 00:00:00,34716.02,35357.13,33878.23,34487.11
2021-06-29 00:00:00,34494.42,36623.79,34240.0,35907.93
2021-06-30 00:00:00,35900.05,36099.82,34049.36,35037.23
2021-07-01 00:00:00,35059.71,35071.34,32700.88,33564.21
2021-07-02 00:00:00,33537.11,33981.51,32700.05,33811.56
2021-07-03 00:00:00,33810.46,34959.72,33333.1,34688.3
2021-07-04 00:00:00,34672.08,35960.0,34404.29,35289.21
2021-07-05 00:00:00,35255.0,35258.7,33143.0,33704.21
2021-07-06 00:00:00,33730.76,35100.49,33510.58,34244.09
2021-07-07 00:00:00,34231.95,35059.02,33800.0,33882.47
2021-07-08 00:00:00,33858.33,33943.02,32101.0,32898.79
2021-07-09 00:00:00,32892.94,34115.44,32285.73,33826.43
2021-07-10 00:00:00,33830.73,34261.04,33014.21,33517.6
2021-07-11 00:00:00,33521.48,34635.82,33335.49,34258.53
2021-07-12 00:00:00,34266.84,34677.0,32660.0,33105.0
2021-07-13 00:00:00,33091.53,33340.0,32190.0,32728.0
2021-07-14 00:00:00,32737.56,33111.72,31589.35,32823.55
2021-07-15 00:00:00,32818.68,33179.0,31121.57,31848.65
2021-07-16 00:00:00,31885.7,32264.53,31012.93,31388.17
2021-07-17 00:00:00,31376.3,31950.0,31176.66,31529.68
2021-07-18 00:00:00,31509.33,32440.98,31100.0,31776.65
2021-07-19 00:00:00,31794.49,31881.71,30400.0,30829.29
2021-07-20 00:00:00,30822.08,31068.62,29296.39,29786.58
2021-07-21 00:00:00,29792.99,32875.42,29500.0,32138.45
2021-07-22 00:00:00,32115.82,32609.83,31703.15,32300.88
2021-07-23 00:00:00,32306.98,33684.17,32000.0,33684.17
2021-07-24 00:00:00,33685.0,34534.32,33419.31,34301.78
2021-07-25 00:00:00,34301.86,35448.97,33874.03,35428.28
2021-07-26 00:00:00,35438.93,40581.3,35282.7,37291.24
2021-07-27 00:00:00,37271.44,39539.5,36386.19,39475.41
2021-07-28 00:00:00,39446.94,40927.53,38786.8,40036.32
2021-07-29 00:00:00,40024.8,40662.8,39239.95,40037.51
2021-07-30 00:00:00,40045.21,42335.5,38331.37,42234.89
2021-07-31 00:00:00,42236.72,42411.32,41007.51,41490.13
2021-08-01 00:00:00,41489.16,42614.85,39424.27,39839.0
2021-08-02 00:00:00,39875.2,40459.31,38687.62,39165.55
2021-08-03 00:00:00,39157.52,39792.83,37639.0,38177.07
2021-08-04 00:00:00,38173.75,39973.94,37481.0,39741.12
2021-08-05 00:00:00,39742.77,41401.96,37300.0,40894.67
2021-08-06 00:00:00,40893.77,43381.0,39879.47,42856.59
2021-08-07 00:00:00,42857.09,44763.14,42251.0,44612.94
2021-08-08 00:00:00,44624.4,45355.0,43298.84,43858.42
2021-08-09 00:00:00,43836.05,46529.02,42811.26,46292.89
2021-08-10 00:00:00,46282.3,46759.0,44643.0,45609.7
2021-08-11 00:00:00,45596.21,46787.6,45353.02,45539.85
2021-08-12 00:00:00,45536.8,46236.7,43800.02,44444.45
2021-08-13 00:00:00,44413.35,47929.18,44253.97,47860.58
2021-08-14 00:00:00,47855.0,48190.0,46000.0,47119.73
2021-08-15 00:00:00,47130.97,47424.0,45500.27,47028.3
2021-08-16 00:00:00,47024.96,48075.22,45654.14,45930.51
2021-08-17 00:00:00,45930.48,47183.37,44417.51,44694.35
2021-08-18 00:00:00,44631.47,46041.62,44218.73,44721.13
2021-08-19 00:00:00,44734.16,47114.99,43935.54,46764.3
2021-08-20 00:00:00,46759.29,49436.1,46645.77,49356.0
2021-08-21 00:00:00,49332.31,49833.02,48300.0,48884.34
2021-08-22 00:00:00,48883.84,49540.01,48080.17,49301.86
2021-08-23 00:00:00,49296.71,50562.11,49010.0,49561.37
2021-08-24 00:00:00,49516.08,49893.5,47593.66,47731.33
2021-08-25 00:00:00,47670.8,49273.93,47100.0,49011.75
2021-08-26 00:00:00,49022.39,49387.6,46309.33,46856.29
2021-08-27 00:00:00,46857.86,49187.0,46363.0,49100.49
2021-08-28 00:00:00,49100.49,49325.0,48244.88,48935.36
2021-08-29 00:00:00,48947.1,49666.0,47798.29,48808.72
2021-08-30 00:00:00,48782.56,48915.29,46855.41,47003.44
2021-08-31 00:00:00,46969.05,48270.33,46699.0,47156.09
2021-09-01 00:00:00,47118.02,49134.0,46532.42,48853.49
2021-09-02 00:00:00,48830.93,50390.0,48625.0,49274.79
2021-09-03 00:00:00,49284.93,51050.0,48351.6,50025.04
2021-09-04 00:00:00,50033.5,50570.94,49388.26,49943.16
2021-09-05 00:00:00,49965.32,51900.0,49500.0,51809.28
2021-09-06 00:00:00,51809.28,52810.0,51024.32,52708.2
2021-09-07 00:00:00,52719.43,52956.47,42900.01,46866.82
2021-09-08 00:00:00,46894.3,47386.72,44436.93,46091.94
2021-09-09 00:00:00,46070.43,47419.95,45550.0,46392.81
2021-09-10 00:00:00,46368.11,47029.08,44125.0,44857.38
2021-09-11 00:00:00,44858.2,45993.32,44767.75,45176.66
2021-09-12 00:00:00,45162.96,46491.63,44752.96,46035.0
2021-09-13 00:00:00,46039.42,46895.82,43400.0,44974.34
2021-09-14 00:00:00,44983.77,47273.38,44704.18,47103.18
2021-09-15 00:00:00,47123.81,48465.77,46702.26,48150.94
2021-09-16 00:00:00,48188.12,48505.0,47035.0,47760.64
2021-09-17 00:00:00,47773.44,48179.0,46712.14,47305.18
2021-09-18 00:00:00,47316.21,48834.0,47052.9,48326.74
2021-09-19 00:00:00,48307.05,48389.52,46860.0,47245.25
2021-09-20 00:00:00,47257.86,47334.54,42453.97,43035.99
2021-09-21 00:00:00,43003.07,43643.34,39573.21,40596.54
2021-09-22 00:00:00,40702.07,44031.85,40580.18,43589.53
2021-09-23 00:00:00,43586.0,45013.17,43105.0,44903.5
2021-09-24 00:00:00,44893.7,45159.9,40693.27,42848.5
2021-09-25 00:00:00,42835.88,43010.69,41689.6,42722.19
2021-09-26 00:00:00,42699.1,43956.38,40808.0,43204.73
2021-09-27 00:00:00,43162.82,44377.7,42130.0,42189.81
2021-09-28 00:00:00,42154.87,42778.93,40888.0,41049.0
2021-09-29 00:00:00,41024.21,42595.93,40750.0,41542.9
2021-09-30 00:00:00,41537.56,44117.74,41427.87,43834.43
2021-10-01 00:00:00,43835.47,48500.0,43291.07,48171.86
2021-10-02 00:00:00,48185.61,48361.83,47468.15,47685.8
2021-10-03 00:00:00,47644.63,49225.55,47119.87,48235.93
2021-10-04 00:00:00,48231.04,49530.53,46900.0,49242.14
2021-10-05 00:00:00,49283.89,51914.68,49075.0,51501.19
2021-10-06 00:00:00,51521.89,55800.0,50428.64,55345.79
2021-10-07 00:00:00,55360.1,55360.32,53289.57,53787.6
2021-10-08 00:00:00,53816.16,56168.0,53623.02,53957.21
2021-10-09 00:00:00,53952.82,55512.05,53674.69,54976.92
2021-10-10 00:00:00,54984.49,56561.0,51000.0,54714.95
2021-10-11 00:00:00,54657.0,57855.79,54462.45,57485.2
2021-10-12 00:00:00,57490.0,57701.0,53909.0,55995.49
2021-10-13 00:00:00,56004.61,57773.89,54231.0,57374.55
2021-10-14 00:00:00,57395.84,58550.0,56830.56,57371.58
2021-10-15 00:00:00,57370.48,62944.94,56877.0,61657.35
2021-10-16 00:00:00,61703.45,62352.0,60100.27,60870.26
2021-10-17 00:00:00,60885.27,61712.0,58933.0,61538.97
2021-10-18 00:00:00,61519.52,62679.0,59013.0,62034.65
2021-10-19 00:00:00,62014.99,64499.0,61350.0,64241.61
2021-10-20 00:00:00,64282.2,67016.5,63529.0,65990.31
2021-10-21 00:00:00,66027.81,66664.1,61850.0,62219.44
2021-10-22 00:00:00,62207.51,63757.28,59953.74,60702.68
2021-10-23 00:00:00,60698.54,61737.38,59633.61,61338.76
2021-10-24 00:00:00,61306.64,61497.33,59510.0,60910.16
2021-10-25 00:00:00,60883.96,63733.93,60670.0,63101.43
2021-10-26 00:00:00,63101.43,63299.3,59830.0,60328.22
2021-10-27 00:00:00,60331.4,61489.0,58100.01,58465.9
2021-10-28 00:00:00,58471.06,62524.0,56425.0,60592.76
2021-10-29 00:00:00,60608.95,62971.54,60154.53,62301.59
2021-10-30 00:00:00,62278.92,62376.32,60660.02,61932.3
2021-10-31 00:00:00,61904.96,62438.85,60000.0,61359.44
2021-11-01 00:00:00,61356.57,62500.0,59500.0,60922.85
2021-11-02 00:00:00,60949.78,64300.0,60669.91,63260.0
2021-11-03 00:00:00,63260.0,63567.21,60018.46,62930.72
2021-11-04 00:00:00,62945.38,63136.82,60725.0,61457.25
2021-11-05 00:00:00,61430.02,62666.52,60769.17,61031.91
2021-11-06 00:00:00,61008.19,61609.5,60109.91,61542.44
2021-11-07 00:00:00,61542.43,63300.0,61396.57,63300.0
2021-11-08 00:00:00,63300.0,67803.55,63300.0,67559.0
2021-11-09 00:00:00,67547.49,68564.4,66250.0,66945.72
2021-11-10 00:00:00,66928.42,69000.0,62856.71,64921.43
2021-11-11 00:00:00,64919.18,65625.44,64140.0,64821.33
2021-11-12 00:00:00,64783.13,65497.53,62294.84,64158.41
2021-11-13 00:00:00,64140.23,64980.0,63400.0,64417.52
2021-11-14 00:00:00,64403.43,65509.87,63595.76,65509.87
2021-11-15 00:00:00,65509.87,66387.4,63348.91,63606.09
2021-11-16 00:00:00,63621.61,63628.0,58563.0,60142.31
2021-11-17 00:00:00,60115.12,60888.5,58400.0,60373.65
2021-11-18 00:00:00,60376.94,60978.39,56516.44,56917.66
2021-11-19 00:00:00,56924.94,58402.05,55640.0,58128.55
2021-11-20 00:00:00,58126.46,59896.54,57424.27,59768.54
2021-11-21 00:00:00,59785.85,60090.55,58525.84,58678.47
2021-11-22 00:00:00,58679.27,59516.78,55628.57,56294.11
2021-11-23 00:00:00,56283.8,57897.54,55128.6,57579.99
2021-11-24 00:00:00,57583.91,57750.2,55894.62,57185.06
2021-11-25 00:00:00,57169.19,59445.45,57044.42,58990.14
2021-11-26 00:00:00,59004.88,59207.36,53524.03,53789.35
2021-11-27 00:00:00,53794.32,55382.0,53653.45,54774.66
2021-11-28 00:00:00,54764.24,57482.42,53308.93,57338.55
2021-11-29 00:00:00,57327.32,58931.07,56750.0,57845.12
2021-11-30 00:00:00,57843.33,59250.0,55918.8,56974.12
2021-12-01 00:00:00,57027.28,59099.64,56469.22,57251.59
2021-12-02 00:00:00,57232.71,57413.52,55839.85,56547.96
2021-12-03 00:00:00,56534.26,57652.0,51556.01,53743.69
2021-12-04 00:00:00,53685.47,53877.77,41967.5,49234.97
2021-12-05 00:00:00,49240.81,49777.62,47836.34,49463.22
2021-12-06 00:00:00,49484.0,50986.0,47111.0,50555.0
2021-12-07 00:00:00,50550.09,51991.0,50062.13,50627.32
2021-12-08 00:00:00,50635.87,51249.41,48656.2,50543.3
2021-12-09 00:00:00,50535.15,50839.01,47332.43,47593.12
2021-12-10 00:00:00,47573.43,50132.88,46886.0,47142.42
2021-12-11 00:00:00,47179.53,49539.4,46789.0,49400.54
2021-12-12 00:00:00,49420.51,50800.0,48675.0,50124.38
2021-12-13 00:00:00,50102.31,50226.2,45750.0,46725.02
2021-12-14 00:00:00,46736.7,48689.3,46310.4,48389.96
2021-12-15 00:00:00,48386.95,49514.85,46560.0,48876.84
2021-12-16 00:00:00,48876.84,49449.0,47506.21,47663.42
2021-12-17 00:00:00,47654.99,48018.52,45478.74,46210.92
2021-12-18 00:00:00,46141.63,47370.14,45501.0,46881.87
2021-12-19 00:00:00,46854.18,48307.34,46450.0,46704.67
2021-12-20 00:00:00,46671.66,47547.5,45572.94,46915.0
2021-12-21 00:00:00,46926.72,49353.49,46667.08,48929.86
2021-12-22 00:00:00,48907.75,49600.0,48449.87,48618.99
2021-12-23 00:00:00,48618.99,51386.66,48051.1,50850.0
2021-12-24 00:00:00,50850.0,51864.56,50442.34,50841.48
2021-12-25 00:00:00,50857.42,51179.36,50190.9,50442.22
2021-12-26 00:00:00,50421.51,51292.65,49458.85,50791.21
2021-12-27 00:00:00,50885.32,52098.6,50479.44,50718.11
2021-12-28 00:00:00,50708.05,50719.59,47300.0,47543.3
2021-12-29 00:00:00,47597.7,48157.41,46099.94,46483.36
2021-12-30 00:00:00,46474.59,47916.32,45934.37,47150.71
2021-12-31 00:00:00,47110.3,48589.47,45655.31,46214.37
2022-01-01 00:00:00,46230.0,47960.98,46199.9,47777.42
2022-01-02 00:00:00,47745.25,47989.0,46660.0,47350.22
2022-01-03 00:00:00,47290.55,47586.58,45692.13,46439.89
2022-01-04 00:00:00,46464.01,47526.0,45539.05,45820.0
2022-01-05 00:00:00,45828.77,46855.06,42413.59,43435.8
2022-01-06 00:00:00,43417.31,43782.86,42414.0,43097.6
2022-01-07 00:00:00,43093.4,43135.35,40600.0,41535.66
2022-01-08 00:00:00,41576.73,42315.31,40517.05,41690.77
2022-01-09 00:00:00,41697.32,42796.49,41200.0,41875.81
2022-01-10 00:00:00,41853.98,42256.55,39558.7,41845.42
2022-01-11 00:00:00,41842.22,43144.74,41284.11,42736.0
2022-01-12 00:00:00,42754.44,44337.26,42471.17,43933.5
2022-01-13 00:00:00,43935.01,44456.34,42321.0,42571.94
2022-01-14 00:00:00,42579.44,43468.95,41782.21,43102.35
2022-01-15 00:00:00,43085.76,43826.8,42387.86,43102.01
2022-01-16 00:00:00,43084.77,43495.59,42615.0,43107.7
2022-01-17 00:00:00,43099.08,43209.47,41581.0,42255.07
2022-01-18 00:00:00,42230.09,42685.25,41290.06,42377.4
2022-01-19 00:00:00,42378.23,42589.9,41145.23,41683.21
2022-01-20 00:00:00,41733.21,43518.69,40554.14,40736.05
2022-01-21 00:00:00,40654.72,41115.58,35423.0,36495.46
2022-01-22 00:00:00,36447.37,36825.98,34000.0,35091.11
2022-01-23 00:00:00,35084.79,36574.47,34624.59,36293.62
2022-01-24 00:00:00,36262.21,38050.0,32950.72,36724.99
2022-01-25 00:00:00,36721.59,37552.3,35722.43,36975.91
2022-01-26 00:00:00,37006.76,38946.0,36279.21,36829.32
2022-01-27 00:00:00,36824.02,37251.0,35511.32,37208.36
2022-01-28 00:00:00,37179.62,38022.11,36173.98,37748.36
2022-01-29 00:00:00,37713.14,38741.67,37327.79,38192.65
2022-01-30 00:00:00,38176.45,38378.88,37372.59,37941.82
2022-01-31 00:00:00,37914.1,38776.33,36631.66,38491.92
2022-02-01 00:00:00,38483.56,39285.0,38033.78,38733.04
2022-02-02 00:00:00,38768.08,38883.96,36618.36,36923.5
2022-02-03 00:00:00,36924.5,37391.74,36264.55,37320.11
2022-02-04 00:00:00,37330.75,41760.39,37064.28,41579.57
2022-02-05 00:00:00,41608.82,41983.12,40975.0,41427.72
2022-02-06 00:00:00,41422.7,42701.86,41141.81,42420.24
2022-02-07 00:00:00,42420.24,44524.18,41682.11,43869.04
2022-02-08 00:00:00,43895.6,45501.0,42701.19,44091.56
2022-02-09 00:00:00,44106.95,44865.72,43164.0,44426.84
2022-02-10 00:00:00,44426.24,45850.0,43209.07,43524.6
2022-02-11 00:00:00,43540.15,43969.72,41983.12,42406.19
2022-02-12 00:00:00,42392.22,43034.0,41740.06,42241.11
2022-02-13 00:00:00,42232.68,42779.6,41882.54,42077.74
2022-02-14 00:00:00,42078.53,42871.68,41575.0,42540.3
2022-02-15 00:00:00,42567.27,44785.66,42469.96,44582.48
2022-02-16 00:00:00,44590.75,44590.75,43312.83,43901.48
2022-02-17 00:00:00,43901.49,44204.78,40088.88,40556.11
2022-02-18 00:00:00,40532.66,40996.31,39450.0,39996.99
2022-02-19 00:00:00,40008.75,40471.27,39587.08,40109.02
2022-02-20 00:00:00,40108.62,40151.62,37974.18,38373.9
2022-02-21 00:00:00,38384.09,39494.11,36810.72,37076.6
2022-02-22 00:00:00,37036.98,38463.88,36368.99,38269.94
2022-02-23 00:00:00,38269.94,39303.24,37060.16,37274.18
2022-02-24 00:00:00,37253.26,39720.0,34324.05,38376.88
2022-02-25 00:00:00,38360.93,39727.97,38027.61,39231.64
2022-02-26 00:00:00,39242.64,40330.99,38600.0,39146.66
2022-02-27 00:00:00,39146.66,39886.92,37015.74,37712.68
2022-02-28 00:00:00,37717.1,44256.08,37468.99,43178.98
2022-03-01 00:00:00,43221.71,43626.49,43185.48,43185.48
2022-03-02 00:00:00,44357.6152449675,45077.5769494305,43432.8517789104,43924.1164380558
2022-03-03 00:00:00,43925.1950649516,44021.5783367152,41914.7490976182,42451.7895866188
2022-03-04 00:00:00,42458.1411201421,42479.6131422293,38805.8495430207,39137.6036387584
2022-03-05 00:00:00,39148.4497050197,39566.3361892208,38777.0364164827,39400.5841380401
2022-03-06 00:00:00,39404.1989243159,39640.1767511205,38211.6479622922,38419.9833773926
2022-03-07 00:00:00,38429.3027830169,39430.2280590762,37260.2017138385,38062.040205582
2022-03-08 00:00:00,38059.9042925389,39304.4428530725,37957.3865266001,38737.2684954927
2022-03-09 00:00:00,38742.8160804567,42465.6729111805,38706.0947800838,41982.9263548072
2022-03-10 00:00:00,41974.0692381785,42004.7271518599,38832.941265025,39437.4597736288
2022-03-11 00:00:00,39439.9695316149,40081.6792542572,38347.4331623984,38794.9731374789
2022-03-12 00:00:00,38794.4631888984,39308.5990610398,38772.5358786197,38904.0133980303
2022-03-13 00:00:00,38884.7248489191,39209.3504270127,37728.1443563354,37849.6627995273
2022-03-14 00:00:00,37846.3164396237,39742.5007223381,37680.7344675775,39666.7558189777
2022-03-15 00:00:00,39664.2500260637,39794.6302635978,38310.2125797126,39338.7854920324
2022-03-16 00:00:00,39335.569403716,41465.4517139286,39022.3470871459,41143.9280403474
2022-03-17 00:00:00,41140.8448157717,41287.5352036456,40662.8706009486,40951.3798755055
2022-03-18 00:00:00,40944.8416795343,42195.7447600357,40302.3980488072,41801.1544960935
2022-03-19 00:00:00,41794.6478339065,42316.5544604012,41602.6683804537,42190.6534617069
2022-03-20 00:00:00,42191.4053121278,42241.164783313,41004.7595624682,41247.8234468342
2022-03-21 00:00:00,41246.1328484777,41454.4104322975,40668.0416965467,41077.9979918038
2022-03-22 00:00:00,41074.1045184977,43124.7080693268,40948.2807435836,42358.8084254084
2022-03-23 00:00:00,42364.3780528832,42893.5066795671,41877.5094001254,42892.9574822428
2022-03-24 00:00:00,42886.6542168214,44131.854552052,42726.1625314375,43960.933058954
2022-03-25 00:00:00,43964.5462246384,44999.4930588116,43706.2860318396,44348.7309048344
2022-03-26 00:00:00,44349.8584333427,44735.9955961396,44166.2751431536,44500.8284155129
2022-03-27 00:00:00,44505.3571023706,46827.5461945489,44437.2936474072,46820.4934636771
2022-03-28 00:00:00,46821.8502469343,48086.8367491568,46690.2041337559,47128.0051622503
2022-03-29 00:00:00,47100.4385980769,48022.2888818255,47100.4385980769,47465.7298877113
2022-03-30 00:00:00,47456.897029717,47655.1494297468,46746.2113689801,47062.6641669272
2022-03-31 00:00:00,47062.146561831,47512.0283138768,45390.5371483103,45538.6769223388
2022-04-01 00:00:00,45554.1638120546,46616.2437719152,44403.1410093413,46281.6439814509
2022-04-02 00:00:00,46285.4980587704,47028.2807878879,45782.5130184345,45868.9491559204
2022-04-03 00:00:00,45859.1287006828,47313.4768544721,45634.1038004633,46453.5670763172
2022-04-04 00:00:00,46445.2716196297,46791.0890451554,45235.8153540203,46622.6744137452
2022-04-05 00:00:00,46624.5070754526,47106.1397405311,45544.8075061707,45555.9934041971
2022-04-06 00:00:00,45544.3556195233,45544.3556195233,43193.9540005006,43206.7376725735
2022-04-07 00:00:00,43207.4988703738,43860.6975585056,42899.9066089561,43503.8491661365
2022-04-08 00:00:00,43505.136802651,43903.0195651663,42183.2871213171,42287.6635116808
2022-04-09 00:00:00,42282.0793945954,42786.8178369303,42183.2539081478,42782.1353172936
2022-04-10 00:00:00,42781.0904634136,43376.3806602516,42021.2068019349,42207.670963734
2022-04-11 00:00:00,42201.0382303314,42424.5910371138,39373.0583284502,39521.9013265663
2022-04-12 00:00:00,39533.7133062411,40617.5860956274,39388.3274461799,40127.1820849288
2022-04-13 00:00:00,40123.5697619184,41430.0541551098,39712.7468117849,41166.7318122462
2022-04-14 00:00:00,41160.2191454054,41451.4801353359,39695.7444311675,39935.5169992135
2022-04-15 00:00:00,39939.4039599383,40617.7208025642,39866.830396352,40553.4632718884
2022-04-16 00:00:00,40552.3176941877,40633.6807054702,40078.4255045838,40424.4832933225
2022-04-17 00:00:00,40417.7762672216,40570.7277847157,39620.8936008984,39716.9542258357
2022-04-18 00:00:00,39721.2029153003,40986.3188298712,38696.1915182274,40826.2143856021
2022-04-19 00:00:00,40828.1742034359,41672.9617565645,40618.6341947153,41502.7504194207
2022-04-20 00:00:00,41501.7442424249,42126.3001302172,40961.0975519901,41374.3782012031
2022-04-21 00:00:00,41371.5150467923,42893.5802043813,40063.8286699322,40527.3640835385
2022-04-22 00:00:00,40525.8619182391,40777.7586436665,39315.4184114444,39740.3198538771
2022-04-23 00:00:00,39738.7232696615,39935.8606514064,39352.2030243514,39486.7287113245
2022-04-24 00:00:00,39478.373437204,39845.9247429991,39233.5409396267,39469.293555834
2022-04-25 00:00:00,39472.607372297,40491.7537987028,38338.3769632698,40458.3089645522
2022-04-26 00:00:00,40448.4226744585,40713.8895679717,37884.9860105779,38117.4625078349
2022-04-27 00:00:00,38120.3026308778,39397.9171355929,37997.3116313579,39241.1227507635
2022-04-28 00:00:00,39241.4285252216,40269.4651207372,38941.4225813304,39773.8283675659
2022-04-29 00:00:00,39768.6158199967,39887.2682113616,38235.5365508554,38609.8231933379
2022-04-30 00:00:00,38605.8588053705,38771.2099918734,37697.9427790922,37714.875545299
2022-05-01 00:00:00,37713.265089741,38627.857504864,37585.7873728754,38469.0939025425
2022-05-02 00:00:00,38472.1871454262,39074.9717589518,38156.5619033136,38529.3278008977
2022-05-03 00:00:00,38528.1100380674,38629.994974219,37585.6203126624,37750.4539152995
2022-05-04 00:00:00,37748.0118484619,39902.9502136511,37732.0601966595,39698.3706196742
2022-05-05 00:00:00,39695.746350719,39789.2830202912,35856.5161061082,36575.142132703
2022-05-06 00:00:00,36573.1823550037,36624.3595960026,35482.1327440579,36040.9223501524
2022-05-07 00:00:00,36042.5036939934,36129.9255204253,34940.8246733344,35501.9541442019
2022-05-08 00:00:00,35502.9402038303,35502.9402038303,33878.9645692059,34059.2642505879
2022-05-09 00:00:00,34060.0154816197,34222.0733234167,30296.9534000531,30296.9534000531
2022-05-10 00:00:00,30273.654218841,32596.3078359205,29944.802737422,31022.9054122253
2022-05-11 00:00:00,31016.1827523335,32013.4014927546,28170.4130858639,28936.3550311122
2022-05-12 00:00:00,28936.7339259087,30032.4389484654,26350.4901742248,29047.7510038538
2022-05-13 00:00:00,29030.9103910716,30924.8027176216,28782.3296577337,29283.103811543
2022-05-14 00:00:00,29285.6430028713,30192.8031935087,28702.9095341841,30101.2664459848
2022-05-15 00:00:00,30098.5866261369,31308.1913582629,29527.7403707191,31305.1125686764
2022-05-16 00:00:00,31304.374144248,31305.3425986839,29251.8855581398,29862.9182412919
2022-05-17 00:00:00,29862.4081929416,30694.490950877,29570.3019001848,30425.857276796
2022-05-18 00:00:00,30424.4792225503,30618.715981161,28720.2713997454,28720.2713997454
2022-05-19 00:00:00,28720.3585631289,30430.7522309591,28708.9550418266,30314.3349534984
2022-05-20 00:00:00,30311.1193461763,30664.9763670009,28793.6060336771,29200.7400877833
2022-05-21 00:00:00,29199.8590065676,29588.8688149389,29027.3938182935,29432.2259634811
2022-05-22 00:00:00,29432.4723986064,30425.8605130009,29275.1827640655,30323.7218952694
2022-05-23 00:00:00,30309.3964800086,30590.5864837253,28975.5596093713,29098.909745734
2022-05-24 00:00:00,29101.1252943246,29774.3547202654,28786.5894517928,29655.58613284
2022-05-25 00:00:00,29653.1352936197,30157.7845345246,29384.9493491208,29562.3612655464
2022-05-26 00:00:00,29564.7765107969,29834.1592888614,28261.9057088448,29267.2246712304
2022-05-27 00:00:00,29251.1408637204,29346.9430247971,28326.6136487276,28627.5748531586
2022-05-28 00:00:00,28842.1038446105,29135.9182578598,28554.5660193876,29023.4880392653
2022-05-29 00:00:00,29019.8674141315,29498.0088389573,28841.1064887385,29445.9576239208
2022-05-30 00:00:00,29443.3657109831,31949.6316183118,29303.571633074,31726.3906858653
2022-05-31 00:00:00,31723.8651015418,32249.8639341789,31286.1543455629,31792.3099432754
2022-06-01 00:00:00,31792.5538087129,31957.2843170438,29501.5885232255,29799.0797135195
2022-06-02 00:00:00,29794.8900797802,30604.7348586759,29652.7049833489,30467.4877414342
2022-06-03 00:00:00,30467.8068396067,30633.0344757636,29375.6893020883,29704.3913570693
2022-06-04 00:00:00,29706.139572537,29930.5639469047,29500.0063498064,29832.9142253244
2022-06-05 00:00:00,29835.1181317702,30117.7434474995,29574.4495314888,29906.6617477915
2022-06-06 00:00:00,29910.2837235964,31693.2901114808,29894.1873301778,31370.6719476925
2022-06-07 00:00:00,31371.7412599943,31489.6832523575,29311.6835562575,31155.4787018498
2022-06-08 00:00:00,31151.4798946644,31253.6908607416,29944.4034808823,30214.356242025
2022-06-09 00:00:00,30215.2789745803,30609.3104880579,30020.2648432245,30111.9979224235
2022-06-10 00:00:00,30110.3295199028,30245.8086237771,28978.1470531645,29083.8047209541
2022-06-11 00:00:00,29084.666534528,29401.9162962048,28236.2119169078,28360.811358542
2022-06-12 00:00:00,28373.5142522495,28502.685070938,26762.6490379039,26762.6490379039
2022-06-13 00:00:00,26737.5776601486,26795.5898175946,22141.2575407059,22487.3879258459
2022-06-14 00:00:00,22487.9871750921,23018.9507654132,20950.8182797178,22206.7927900583
2022-06-15 00:00:00,22196.7301834792,22642.6723546281,20178.3760405906,22572.8398231902
2022-06-16 00:00:00,22576.305346187,22868.9211355563,20265.2257119101,20381.6512129024
2022-06-17 00:00:00,20385.7187101434,21243.3120420882,20326.5185645264,20471.4818924914
2022-06-18 00:00:00,20473.4249789315,20736.0410609155,17708.6237125896,19017.6423550215
2022-06-19 00:00:00,19010.9020841202,20683.821565938,18067.15191869,20553.2718217472
2022-06-20 00:00:00,20553.3702544391,20913.3219024242,19689.1695110104,20599.5379647956
2022-06-21 00:00:00,20594.2948372014,21620.62852029,20415.061882275,20710.597101739
2022-06-22 00:00:00,20719.41392721,20835.7503482133,19848.0786676282,19987.0290493797
2022-06-23 00:00:00,19986.607101581,21135.7622370547,19950.1162252256,21085.8771612422
2022-06-24 00:00:00,21084.6480617906,21472.917912877,20777.5115803289,21231.6557714446
2022-06-25 00:00:00,21233.6098714228,21520.9146376497,20964.5850076037,21502.3386880262
2022-06-26 00:00:00,21496.4947397853,21783.7247658329,21016.2688061921,21027.2953088067
2022-06-27 00:00:00,21028.2382267284,21478.0893638064,20620.1985073849,20735.4779474249
2022-06-28 00:00:00,20731.5443463851,21164.4240972544,20228.8115792347,20280.6356501458
2022-06-29 00:00:00,20281.1694611799,20364.1560967338,19937.7910783669,20104.0231777817
2022-06-30 00:00:00,20108.3123376304,20141.1603609993,18729.6562279337,19784.7264946249
2022-07-01 00:00:00,19820.4704741998,20632.671261281,19073.7084047514,19269.3666859098
2022-07-02 00:00:00,19274.8362829748,19371.7476574216,19027.0813551026,19242.255580241
2022-07-03 00:00:00,19242.0947628176,19558.2688658035,18966.9506341661,19297.0760827928
2022-07-04 00:00:00,19297.3141855828,20258.7472098173,19063.0661953686,20231.2615118026
2022-07-05 00:00:00,20225.3534364236,20635.4677410245,19341.2331538775,20190.1146695234
2022-07-06 00:00:00,20194.6194989241,20595.5296078308,19823.5112028015,20548.2458719695
2022-07-07 00:00:00,20547.8142411523,21771.8165530893,20296.1031222911,21637.5877502437
2022-07-08 00:00:00,21637.1550515826,22314.9405374086,21257.453547475,21731.1165833973
2022-07-09 00:00:00,21716.8285854815,21877.1393217129,21445.9562353204,21592.2060743303
2022-07-10 00:00:00,21591.0808021627,21591.0808021627,20727.123494758,20860.4493930623
2022-07-11 00:00:00,20856.352967685,20856.352967685,19924.5397968986,19970.556593233
2022-07-12 00:00:00,19970.4750229398,20043.4454066637,19308.5306169019,19323.914856106
2022-07-13 00:00:00,19325.9727246501,20223.0526478927,18999.953131779,20212.073498093
2022-07-14 00:00:00,20211.4659555454,20789.8936721942,19689.258743334,20569.9200615284
2022-07-15 00:00:00,20573.1562979175,21138.2433270448,20396.9991343854,20836.3286445243
2022-07-16 00:00:00,20834.104129429,21514.4033302194,20518.8987819735,21190.3156676219
2022-07-17 00:00:00,21195.0412138346,21600.6401193599,20778.1798752236,20779.3445398509
2022-07-18 00:00:00,20781.9115039967,22633.0334362237,20781.9115039967,22485.6892521761
2022-07-19 00:00:00,22467.8500961444,23666.9622537083,21683.4063763923,23389.4328464795
2022-07-20 00:00:00,23393.1920116301,24196.8192139777,23009.949763201,23231.7319651172
2022-07-21 00:00:00,23233.2019709128,23388.3221721635,22431.1493945308,23164.6287547047
2022-07-22 00:00:00,23163.7520625768,23671.9285284238,22603.4151006765,22714.9791482287
2022-07-23 00:00:00,22706.9834272109,22977.2110015504,22002.9106148295,22465.4776274248
2022-07-24 00:00:00,22465.5092660661,22974.0026721759,22306.840180485,22609.164770669
2022-07-25 00:00:00,22607.1555467717,22649.1213665683,21361.6434545441,21361.700521904
2022-07-26 00:00:00,21361.1218713035,21361.1218713035,20776.8160824806,21239.7543798251
2022-07-27 00:00:00,21244.1695591889,22986.5294030049,21070.8061258165,22930.5484457
2022-07-28 00:00:00,22933.6412489688,24110.4699196849,22722.2651232758,23843.8862077382
2022-07-29 00:00:00,23845.2123738942,24294.7864568312,23481.1731396691,23804.6332345672
2022-07-30 00:00:00,23796.8186106216,24572.5794217469,23580.5084844794,23656.2070255842
2022-07-31 00:00:00,23652.0696621219,24121.6425782597,23275.7025004507,23336.8956049843
2022-08-01 00:00:00,23336.7180518604,23464.7862772244,22890.7960211693,23314.1994325371
2022-08-02 00:00:00,23308.434172793,23415.041329171,22710.0839796372,22978.1165929475
2022-08-03 00:00:00,22981.3027057546,23578.650444504,22747.8364404392,22846.5070579755
2022-08-04 00:00:00,22848.2143845004,23198.0101072399,22485.7006555715,22630.9567321334
2022-08-05 00:00:00,22626.8333912751,23422.8276961138,22612.1785145741,23289.3142774141
2022-08-06 00:00:00,23291.4240607937,23326.561622217,22961.2789671291,22961.2789671291
2022-08-07 00:00:00,22963.5062436219,23359.0090763146,22894.5562352504,23175.8908490806
2022-08-08 00:00:00,23179.5270499854,24203.6888656304,23176.5472532816,23809.4871145188
2022-08-09 00:00:00,23811.4835215919,23898.6153695442,22981.9999273799,23164.3179862813
2022-08-10 00:00:00,23162.898849424,24127.4144160912,22771.520469829,23947.64342535
2022-08-11 00:00:00,23948.346127206,24822.629682616,23900.9968657803,23957.5301942682
2022-08-12 00:00:00,23957.2030605314,24412.5661055952,23657.2653043183,24402.8185057558
2022-08-13 00:00:00,24402.187470618,24860.0503581936,24346.1147127212,24424.0678311507
2022-08-14 00:00:00,24429.0574370816,24974.9142088493,24206.2597723946,24319.3339226
2022-08-15 00:00:00,24318.3154830385,25135.5903960686,23839.7749751036,24136.9724246641
2022-08-16 00:00:00,24126.1364825776,24228.4156115245,23733.4993295004,23883.2905467346
2022-08-17 00:00:00,23881.3155123574,24407.0579067141,23243.3544559916,23335.9982223605
2022-08-18 00:00:00,23341.0389780106,23563.8315937306,23177.6024699687,23212.7390770428
2022-08-19 00:00:00,23213.3132415999,23213.3132415999,20868.847438639,20877.5536922194
2022-08-20 00:00:00,20872.8421735014,21350.8062991651,20856.7313355791,21166.060396105
2022-08-21 00:00:00,21160.3927831764,21668.8459077384,21103.1968084256,21534.1212308142
2022-08-22 00:00:00,21531.4638488066,21531.4638488066,20939.1841727079,21398.9083503016
2022-08-23 00:00:00,21401.0456699597,21646.2037618365,20955.1381560818,21528.087371684
2022-08-24 00:00:00,21526.4555930855,21783.0757227463,21195.0066949108,21395.0200714925
2022-08-25 00:00:00,21395.4583899891,21789.6368362852,21362.4412599083,21600.9051416699
2022-08-26 00:00:00,21596.085314557,21804.9080080991,20199.4833838913,20260.0186494241
2022-08-27 00:00:00,20262.4803110224,20340.774563674,19890.5233282503,20041.7384530551
2022-08-28 00:00:00,20041.0348039542,20139.0542332829,19616.8149844439,19616.8149844439
2022-08-29 00:00:00,19615.1533628598,20357.4632334576,19600.7850348256,20297.9946353065
2022-08-30 00:00:00,20298.61208083,20542.644969648,19617.6409500442,19796.8094024105
2022-08-31 00:00:00,19799.5813157872,20420.9904201752,19799.5813157872,20049.7631893726
2022-09-01 00:00:00,20050.4986698419,20198.3911984996,19653.9684588823,20127.1402694309
2022-09-02 00:00:00,20126.0727809015,20401.567633276,19814.7660489836,19969.7711774602
2022-09-03 00:00:00,19969.7183469169,20037.0106485969,19698.355192333,19832.0877293385
2022-09-04 00:00:00,19832.4712955665,19999.6896450479,19636.8165736549,19986.71383922
2022-09-05 00:00:00,19988.7898184332,20031.1602515742,19673.0473387536,19812.3714787542
2022-09-06 00:00:00,19817.7240655724,20155.2687168601,18800.1716550661,18837.667712375
2022-09-07 00:00:00,18837.6833207735,19427.172670785,18644.4672270585,19290.3238735938
2022-09-08 00:00:00,19289.940569121,19417.3515932252,19076.7145234635,19329.8349334266
2022-09-09 00:00:00,19328.1399294633,21439.4093171623,19310.9625754389,21381.1528552866
2022-09-10 00:00:00,21376.9117145388,21760.2757705752,21168.7217218009,21680.539413428
2022-09-11 00:00:00,21678.5435697066,21770.5531906344,21406.9446411116,21769.2563395567
2022-09-12 00:00:00,21770.1481330587,22439.1810089793,21603.8957792787,22370.448649932
2022-09-13 00:00:00,22371.4806397841,22673.8197662856,20062.6706994888,20296.7078138753
2022-09-14 00:00:00,20184.555325165,20467.2014327824,19793.3967181663,20241.0898018307
2022-09-15 00:00:00,20242.2899083879,20318.1663918808,19636.7337742868,19701.2099625661
2022-09-16 00:00:00,19704.0054405263,19870.6297658167,19400.0754493035,19772.5842055678
2022-09-17 00:00:00,19777.0340283315,20162.5320217713,19777.0340283315,20127.5766571789
2022-09-18 00:00:00,20127.2339476275,20127.2339476275,19387.4913478311,19419.506190767
2022-09-19 00:00:00,19418.5714215096,19639.4797325487,18390.3187095743,19544.1292496743
2022-09-20 00:00:00,19545.5912754153,19602.4567458839,18813.4550109729,18890.7890963691
2022-09-21 00:00:00,18891.2828895318,19674.6303314785,18290.315188225,18547.3997598262
2022-09-22 00:00:00,18534.6495954773,19456.9109010622,18415.5914968551,19413.5516208219
2022-09-23 00:00:00,19412.3999254216,19464.6723483926,18617.5530098977,19297.6378400087
2022-09-24 00:00:00,19296.990703569,19310.1976076117,18861.9739989585,18937.0111756715
2022-09-25 00:00:00,18936.311515242,19134.7331942683,18696.4683038168,18802.0979756765
2022-09-26 00:00:00,18803.9006328979,19274.8734982574,18721.2858513532,19222.6721841704
2022-09-27 00:00:00,19221.8407127512,20338.4554611365,18915.6687222744,19110.5465509918
2022-09-28 00:00:00,19104.6207895026,19688.3443733361,18553.2973576077,19426.7213316789
2022-09-29 00:00:00,19427.7801905231,19589.2662114892,18924.3534530707,19573.0503140007
2022-09-30 00:00:00,19573.4314212308,20109.8503013076,19265.6623997088,19431.7894465994
2022-10-01 00:00:00,19431.1049459172,19471.1548671102,19231.0818744273,19312.0947321314
2022-10-02 00:00:00,19311.8487082258,19370.3092809335,18970.6205832529,19044.1072723711
2022-10-03 00:00:00,19044.0678498115,19653.5429529049,19025.2262854468,19623.580334556
2022-10-04 00:00:00,19623.5846894487,20380.3441825203,19523.8401239583,20336.842949206
2022-10-05 00:00:00,20335.8995793765,20343.7485202691,19801.8006612025,20160.7161716068
2022-10-06 00:00:00,20161.0384382098,20408.3918398816,19900.0885329785,19955.4436723686
2022-10-07 00:00:00,19957.5590804174,20041.0855798292,19395.7932402119,19546.8497101499
2022-10-08 00:00:00,19546.3288377398,19601.6954551175,19299.4136190281,19416.5678495233
2022-10-09 00:00:00,19417.4794111661,19542.5386535421,19349.2589533994,19446.4261941327
2022-10-10 00:00:00,19446.4162251338,19515.4672876602,19102.9792396234,19141.4835050122
2022-10-11 00:00:00,19138.9998774831,19241.9602356953,18925.6032218176,19051.4182694773
2022-10-12 00:00:00,19052.6457860076,19203.1986510517,19029.7583291291,19157.4462868525
2022-10-13 00:00:00,19156.966613327,19453.3279714913,18319.8226296141,19382.9040336331
2022-10-14 00:00:00,19382.533972178,19889.1462709754,19115.4073184994,19185.656700327
2022-10-15 00:00:00,19185.4373038114,19212.5416076166,19019.2501252192,19067.6350822884
2022-10-16 00:00:00,19068.9135599379,19389.6035200638,19068.9135599379,19268.0928008619
2022-10-17 00:00:00,19268.5621023075,19635.8022813631,19173.3347235856,19550.7572999132
2022-10-18 00:00:00,19550.466742932,19666.9950059677,19144.7701762788,19334.4151499829
2022-10-19 00:00:00,19335.0264414519,19348.4168096206,19127.6883699574,19139.5343513894
2022-10-20 00:00:00,19138.0850568701,19315.1989686457,18971.4586492749,19053.7402405368
2022-10-21 00:00:00,19053.2030456165,19237.3856061517,18770.9700605115,19172.4692172692
2022-10-22 00:00:00,19172.380608581,19248.0676722118,19132.2431934133,19208.1902460043
2022-10-23 00:00:00,19207.7346507752,19646.6515415466,19124.196964845,19567.0073980529
2022-10-24 00:00:00,19567.7695803849,19589.1245755281,19206.3243067081,19345.5723482851
2022-10-25 00:00:00,19344.964420214,20348.4115841778,19261.4471258532,20095.8564554472
2022-10-26 00:00:00,20092.2371880952,20938.1338126875,20076.1177715753,20770.4412716294
2022-10-27 00:00:00,20772.8030271027,20854.0442159331,20255.3731443355,20285.8367757017
2022-10-28 00:00:00,20287.9560947863,20724.980299643,20086.0682301131,20595.3519366012
2022-10-29 00:00:00,20595.1038419697,20988.3944704236,20566.4846167248,20818.4761644388
2022-10-30 00:00:00,20817.9822518424,20917.0062398519,20547.4634247745,20635.6037476843
2022-10-31 00:00:00,20633.6960710953,20795.3212231777,20287.4590879886,20495.7742320325
2022-11-01 00:00:00,20494.8976229392,20647.2897203577,20359.8454797164,20485.2732430903
2022-11-02 00:00:00,20482.9596937554,20742.8110110662,20087.1344836206,20159.5030671045
2022-11-03 00:00:00,20162.6892278966,20382.0963206451,20086.2409033906,20209.9874150039
2022-11-04 00:00:00,20208.7694981217,21209.5610423054,20188.0187146493,21147.2297322385
2022-11-05 00:00:00,21144.8314657888,21446.8860966908,21097.6354171085,21282.6912959164
2022-11-06 00:00:00,21285.0566639114,21345.3767927888,20920.1906840362,20926.4859738215
2022-11-07 00:00:00,20924.6204840491,21053.2461495293,20489.9733436956,20602.8167252699
2022-11-08 00:00:00,20600.6727471588,20664.6065202996,17603.5443690046,18541.2718532238
2022-11-09 00:00:00,18543.7612496199,18590.4595695809,15682.6928427807,15880.7798491723
2022-11-10 00:00:00,15883.1582269152,18054.3117790661,15834.0180932521,17586.7714495473
2022-11-11 00:00:00,17583.2524305101,17650.9440525421,16543.4823901353,17034.2931347133
2022-11-12 00:00:00,17036.8754084418,17066.6754912523,16651.7747697243,16799.1847383999
2022-11-13 00:00:00,16799.7222910557,16920.766400155,16320.6351532761,16353.3657171761
2022-11-14 00:00:00,16352.0285634204,17109.323354055,15872.9416126748,16618.1992288908
2022-11-15 00:00:00,16617.4847379897,17051.9619672047,16542.551267216,16884.6139070546
2022-11-16 00:00:00,16884.3411879443,16960.2951783623,16430.1112817802,16669.4401447741
2022-11-17 00:00:00,16670.4267562003,16726.4388447882,16460.6834870428,16687.5179505411
2022-11-18 00:00:00,16687.9115750712,16947.0584011119,16564.6116800308,16697.7776677865
2022-11-19 00:00:00,16696.2199051826,16797.8769973611,16570.4107483511,16711.5477937965
2022-11-20 00:00:00,16712.9204583677,16746.7801572696,16248.6928292993,16291.8324676929
2022-11-21 00:00:00,16291.223799579,16291.223799579,15599.0471753829,15787.2840945218
2022-11-22 00:00:00,15782.3012305363,16253.0477467021,15656.6060601161,16189.7695319341
2022-11-23 00:00:00,16195.5886697744,16638.1924865387,16170.502495775,16610.7064149352
2022-11-24 00:00:00,16611.6376723586,16771.4752431789,16501.7680548846,16604.4650179543
2022-11-25 00:00:00,16602.2695164974,16603.3169928826,16388.4049535141,16521.8410189608
2022-11-26 00:00:00,16521.5770249101,16666.8629270058,16416.22869026,16464.2810793656
2022-11-27 00:00:00,16463.8831715903,16594.405472442,16437.0253344115,16444.6268345485
2022-11-28 00:00:00,16440.2220878988,16482.9335433104,16054.5302153408,16217.3224676411
2022-11-29 00:00:00,16217.6399037709,16522.2574706655,16139.3962752471,16444.9832700291
2022-11-30 00:00:00,16445.4774885523,17190.9382730078,16445.4774885523,17168.5655484864
2022-12-01 00:00:00,17168.0021376253,17197.4972534447,16888.3878876144,16967.1336671008
2022-12-02 00:00:00,16968.6832614793,17088.6604094023,16877.8815958777,17088.6604094023
2022-12-03 00:00:00,17090.0984850759,17116.0408055326,16888.1408071604,16908.236795124
2022-12-04 00:00:00,16908.1704770796,17157.7672395866,16903.4398276459,17130.4859472168
2022-12-05 00:00:00,17128.8940804496,17378.1533102833,16922.4318687598,16974.8256651336
2022-12-06 00:00:00,16975.239124186,17091.8641751072,16939.9223489269,17089.5037060098
2022-12-07 00:00:00,17089.5062701866,17109.3774938957,16750.5581344286,16848.1276289005
2022-12-08 00:00:00,16847.350249704,17267.9157630195,16788.7838235415,17233.4740199151
2022-12-09 00:00:00,17232.14800263,17280.5461649486,17100.8362497541,17133.1520141413
2022-12-10 00:00:00,17134.2213652805,17216.8255926135,17120.6843227631,17128.7237102156
2022-12-11 00:00:00,17129.7113333088,17245.6352839084,17091.8199897402,17104.1928057162
2022-12-12 00:00:00,17102.5006494509,17212.563876631,16899.3937850102,17206.4383006718
2022-12-13 00:00:00,17206.4404839219,17930.0868389008,17111.7631524623,17781.3188354598
2022-12-14 00:00:00,17782.0668780371,18318.530584361,17652.0983126836,17652.0983126836
2022-12-15 00:00:00,17813.6441227018,17846.744460573,17322.5900671217,17364.8649112629
2022-12-16 00:00:00,17364.5464432688,17505.5250524957,16584.7013982805,16647.4834788286
2022-12-17 00:00:00,16646.9825672479,16800.5901927499,16614.0289473808,16795.0909672135
2022-12-18 00:00:00,16795.6092258732,16815.3865755439,16697.8200345579,16757.9774032466
2022-12-19 00:00:00,16759.0409268239,16807.5265740651,16398.1362516753,16439.679646163
2022-12-20 00:00:00,16441.7868000999,17012.9847052964,16427.8672387638,16906.3052104215
2022-12-21 00:00:00,16904.5273540499,16916.7998823679,16755.912213186,16817.534386551
2022-12-22 00:00:00,16818.3802876537,16866.6743267635,16592.4074544474,16830.3414239344
2022-12-23 00:00:00,16829.6435860359,16905.2193599891,16794.4593522212,16796.9521712163
2022-12-24 00:00:00,16796.9766195206,16864.7028789056,16793.5281845114,16847.7552651546
2022-12-25 00:00:00,16847.5053641059,16860.5539711216,16755.253233558,16841.9870522838
2022-12-26 00:00:00,16842.2493105753,16920.1236404674,16812.3700759233,16919.8051749285
2022-12-27 00:00:00,16919.2916501236,16959.8464760475,16642.073182208,16717.1739801271
2022-12-28 00:00:00,16716.4002205682,16768.1703555248,16497.5570388408,16552.5717365145
2022-12-29 00:00:00,16552.3224906863,16651.7566638037,16508.6831532318,16642.3426718856
2022-12-30 00:00:00,16641.3298242645,16643.4274095726,16408.4751768261,16602.5851557701
2022-12-31 00:00:00,16603.6747026431,16628.9869973035,16517.519222395,16547.4953660162
2023-01-01 00:00:00,16547.9143978715,16630.4390027154,16521.233430529,16625.0805507091
2023-01-02 00:00:00,16625.5103941178,16759.3440229184,16572.2288497449,16688.4713573932
2023-01-03 00:00:00,16688.8472638592,16760.4474659846,16622.3703282563,16679.8570798137
2023-01-04 00:00:00,16680.2049714198,16964.5851854634,16667.7637251347,16863.2382582833
2023-01-05 00:00:00,16863.4720568268,16884.0221164772,16790.2830406922,16836.7366452236
2023-01-06 00:00:00,16836.4734391553,16991.9941211705,16716.4222705217,16951.9695166293
2023-01-07 00:00:00,16952.1169810139,16975.016620564,16914.1920801119,16955.0774351588
2023-01-08 00:00:00,16954.1457258497,17091.1444513033,16924.0500739253,17091.1444513033
2023-01-09 00:00:00,17093.9924981225,17389.9575514263,17093.9924981225,17196.5540596395
2023-01-10 00:00:00,17192.9500944457,17484.7208924046,17162.991166987,17446.292509299
2023-01-11 00:00:00,17446.3602720665,17987.6335493591,17337.9949977618,17943.8976294683
2023-01-12 00:00:00,17944.0687339418,19030.0876366382,17919.2317058357,18869.5880552656
2023-01-13 00:00:00,18868.9059378421,19964.3227279643,18753.1642622097,19909.5746247506
2023-01-14 00:00:00,19910.5366570655,21075.1418299576,19907.8284635609,20976.2997963921
2023-01-15 00:00:00,20977.484195217,20993.7486958535,20606.9872383992,20880.7992021821
2023-01-16 00:00:00,20882.2238766183,21360.8742794775,20715.7462141198,21169.6327806964
2023-01-17 00:00:00,21175.8332602034,21438.6593578573,20978.5336242013,21161.5192199162
2023-01-18 00:00:00,21161.0508997004,21564.5022129631,20541.544548774,20688.7807298648
2023-01-19 00:00:00,20686.7459060612,21163.0122882271,20685.3811808606,21086.7933048443
2023-01-20 00:00:00,21085.3723377742,22692.3578308247,20919.1259836821,22676.5517588881
2023-01-21 00:00:00,22677.4273824208,23282.3477215567,22511.8331340198,22777.6258091326
2023-01-22 00:00:00,22777.9866614216,23056.7296500712,22387.9004628596,22720.4156286391
2023-01-23 00:00:00,22721.0886719506,23126.4863454372,22654.3044696935,22934.4314643586
2023-01-24 00:00:00,22929.6277356711,23134.0120466001,22549.744513105,22636.4693111916
2023-01-25 00:00:00,22639.2671675238,23722.0988087405,22406.0755024251,23117.8596819048
2023-01-26 00:00:00,23108.9544867974,23237.0771689385,22911.3733512336,23032.7775987084
2023-01-27 00:00:00,23030.7172856477,23417.7209724548,22654.5934084354,23078.7278799123
2023-01-28 00:00:00,23079.9643325667,23165.8958842871,22908.846464031,23031.0897756201
2023-01-29 00:00:00,23031.4492355484,23919.8897614092,22985.0701306067,23774.5659233116
2023-01-30 00:00:00,23774.6489666425,23789.3471776992,22657.5821676256,22840.13890738
2023-01-31 00:00:00,22840.7960906001,23225.0214038861,22765.5684994408,23139.2839099123
2023-02-01 00:00:00,23137.8351361505,23764.5392941707,22877.7506525544,23723.7696534847
2023-02-02 00:00:00,23720.8235172754,24167.210232202,23468.5952825572,23471.8704412794
2023-02-03 00:00:00,23469.41250714,23678.1025764755,23279.9557414819,23449.3216215066
2023-02-04 00:00:00,23446.3207269726,23556.9488050843,23291.7956588871,23331.8471370961
2023-02-05 00:00:00,23332.2476009512,23423.4356115385,22841.7603125011,22955.6660162974
2023-02-06 00:00:00,22954.0219641729,23119.2799503201,22692.0259840498,22760.1092633004
2023-02-07 00:00:00,22757.2675418795,23310.975071817,22756.2582769853,23264.2911876916
2023-02-08 00:00:00,23263.4151260445,23367.9592874059,22731.098213301,22939.3987006841
2023-02-09 00:00:00,22946.5655186068,22996.4375107837,21773.9746140573,21819.0399147365
2023-02-10 00:00:00,21819.0064204049,21941.185603317,21539.3928305144,21651.1837829361
2023-02-11 00:00:00,21651.8418620036,21891.4105629778,21618.4497276175,21870.8740640545
2023-02-12 00:00:00,21870.9025018492,22060.9946065574,21682.8287747068,21788.2039862606
2023-02-13 00:00:00,21786.9992632743,21898.4138396757,21460.0885038644,21808.1017736009
2023-02-14 00:00:00,21801.8231464442,22293.1400934501,21632.3939838592,22220.8041436975
2023-02-15 00:00:00,22220.5853384745,24307.8413284844,22082.7690807679,24307.8413284844
2023-02-16 00:00:00,24307.3501977993,25134.1173501961,23602.522501391,23623.4744808063
2023-02-17 00:00:00,23621.2824942638,24924.0400603084,23460.7560266313,24565.6019889467
2023-02-18 00:00:00,24565.2959998509,24798.8355706509,24468.3736308589,24641.2769484258
2023-02-19 00:00:00,24640.0272214209,25093.0551495442,24327.6416722827,24327.6416722827
2023-02-20 00:00:00,24336.6233404821,25020.4595125254,23927.9092534735,24829.1475699492
2023-02-21 00:00:00,24833.0489142974,25126.851685722,24200.3641163385,24436.354484576
2023-02-22 00:00:00,24437.4184799228,24472.3397572186,23644.3177157894,24188.8429766943
2023-02-23 00:00:00,24190.7189835462,24572.0894214544,23693.9194852587,23947.492523176
2023-02-24 00:00:00,23946.0078636716,24103.7044834567,23007.071326645,23198.1274878832
2023-02-25 00:00:00,23200.1258534291,23210.2110723344,22861.5586648141,23175.3756358425
2023-02-26 00:00:00,23174.1507687151,23654.3673746458,23084.2216397241,23561.2129109163
2023-02-27 00:00:00,23561.4506815245,23857.8911252628,23205.8792453501,23522.871914506
2023-02-28 00:00:00,23521.8388223949,23585.3840695392,23077.6503704068,23147.3533899085
2023-03-01 00:00:00,23150.9299581785,23880.6324628676,23088.6266999013,23646.549899145
2023-03-02 00:00:00,23647.0194731298,23739.1380767792,23245.0214332402,23475.4667376623
2023-03-03 00:00:00,23476.6337312584,23479.3480937656,22213.2375937663,22362.6793319333
2023-03-04 00:00:00,22362.9230267909,22405.1769535758,22198.9810093926,22353.3500739307
2023-03-05 00:00:00,22354.1435981558,22613.685230682,22307.1433134221,22435.5141969735
2023-03-06 00:00:00,22436.8167758974,22584.2938087023,22331.3148283697,22429.7575333463
2023-03-07 00:00:00,22428.3223896888,22527.4186416807,22011.2624966569,22219.7690709418
2023-03-08 00:00:00,22216.4423211022,22268.8962521879,21708.0505060405,21718.0798304321
2023-03-09 00:00:00,21720.0793175611,21802.7166811718,20210.3067467507,20363.0211117254
2023-03-10 00:00:00,20367.0017771358,20370.595398116,19628.2543094205,20187.2436476163
2023-03-11 00:00:00,20187.8770747332,20792.5256924445,20068.6603124152,20632.4096293926
2023-03-12 00:00:00,20628.0290344583,22185.0311108771,20448.8062610768,22163.949951915
2023-03-13 00:00:00,22156.4066753221,24550.8374857613,21918.19993089,24197.5329977753
2023-03-14 00:00:00,24201.7660061459,26514.7171655285,24081.1826516623,24746.0746588477
2023-03-15 00:00:00,24770.925668703,25240.6158183485,23964.909846877,24375.9613578312
2023-03-16 00:00:00,24373.4566170173,25190.3269844926,24225.1109586283,25052.789721748
2023-03-17 00:00:00,25055.12321927,27787.8122252255,24955.1690552856,27423.9306340492
2023-03-18 00:00:00,27448.1172696105,27725.9534162099,26636.2609459753,26965.8797570266
2023-03-19 00:00:00,26969.5037878128,28440.5612172583,26907.7162737127,28038.6749467651
2023-03-20 00:00:00,28041.6019174942,28527.7242227414,27242.8807029191,27767.2363318262
2023-03-21 00:00:00,27768.3920318154,28439.5615887102,27439.6470941503,28175.8168354249
2023-03-22 00:00:00,28158.7199918061,28803.3359206694,26759.9962331222,27307.4367684133
2023-03-23 00:00:00,27301.9574943549,28729.8434696783,27183.3637407073,28333.9727113788
2023-03-24 00:00:00,28324.1116952049,28388.4377455639,27039.2654315026,27493.2851436235
2023-03-25 00:00:00,27487.3377383863,27791.82560276,27196.2338295048,27494.7068783775
2023-03-26 00:00:00,27495.523958251,28178.1444372132,27445.0463549252,27994.3295142227
2023-03-27 00:00:00,27994.0679232525,28037.9258606414,26606.6890011395,27139.8885305221
2023-03-28 00:00:00,27132.8889214451,27460.7194594252,26677.8187281128,27268.1314829145
2023-03-29 00:00:00,27267.0321746002,28619.5433888008,27259.6611804101,28348.442342812
2023-03-30 00:00:00,28350.141491188,29159.9026178662,27720.1593376162,28033.5631503957
2023-03-31 00:00:00,28032.2622677886,28639.8960837575,27583.7152600683,28478.4846056804
2023-04-01 00:00:00,28473.3318011971,28802.4574784469,28297.1724976454,28411.0342430924
2023-04-02 00:00:00,28462.8448011161,28518.9584078453,27884.0870913286,28199.3083837745
2023-04-03 00:00:00,28183.0803582438,28475.6225074989,27276.7199488097,27790.2208547736
2023-04-04 00:00:00,27795.2743239989,28433.7429759972,27681.3050566141,28168.0898164027
2023-04-05 00:00:00,28169.726952854,28739.2381106536,27843.7644954278,28177.9835569508
2023-04-06 00:00:00,28175.2270773749,28178.3843123757,27738.759361406,28044.1397549441
2023-04-07 00:00:00,28038.9669696205,28111.5932841216,27794.0318258101,27925.8594084129
2023-04-08 00:00:00,27920.5127785287,28159.8627798755,27883.386552621,27947.7945496942
2023-04-09 00:00:00,27952.3676156125,28532.8299692781,27828.4814105435,28333.0500476249
2023-04-10 00:00:00,28336.0282374011,29771.46392891,28189.2707713694,29652.9800970841
2023-04-11 00:00:00,29653.679647446,30509.0836664564,29609.3013680349,30235.0589389553
2023-04-12 00:00:00,30231.5816232396,30462.480941487,29725.5733501584,30139.052871052
2023-04-13 00:00:00,29892.7394598771,30539.8464812825,29878.6221634081,30399.0663854918
2023-04-14 00:00:00,30409.5616914944,31005.6080444729,30044.497509619,30485.7000292553
2023-04-15 00:00:00,30490.7492724237,30601.7401642927,30245.881938716,30318.4969530646
2023-04-16 00:00:00,30315.9764166222,30555.5376334409,30157.8323252603,30315.3554561203
2023-04-17 00:00:00,30317.1456974152,30319.1965766039,29275.3710576336,29445.0449049628
2023-04-18 00:00:00,29449.0917046267,30470.3020147381,29154.8493708622,30397.5527355226
2023-04-19 00:00:00,30394.1879043593,30411.0537908765,28669.8982681516,28822.6804729009
2023-04-20 00:00:00,28823.6828624372,29076.4010485199,28037.2572572235,28245.9873104934
2023-04-21 00:00:00,28249.2312707237,28349.9678577085,27177.3652995742,27276.9096875756
2023-04-22 00:00:00,27265.8950162583,27872.1431679039,27169.5711204099,27817.5009174373
2023-04-23 00:00:00,27816.1447925761,27820.2444909276,27400.3137358677,27591.3846319068
2023-04-24 00:00:00,27591.7295218905,27979.9819006629,27070.8494995525,27525.3394995911
2023-04-25 00:00:00,27514.8723912188,28371.0776961978,27207.9325567409,28307.5980906654
2023-04-26 00:00:00,28300.0592743853,29995.8384911174,27324.5490065239,28422.7008784923
2023-04-27 00:00:00,28428.4642786789,29871.5463516429,28402.8873866517,29473.7861836728
2023-04-28 00:00:00,29481.0135350274,29572.7916927929,28929.6085418823,29340.262498158
2023-04-29 00:00:00,29336.5670352512,29452.4552449019,29088.0423364895,29248.4883729176
2023-04-30 00:00:00,29245.5155124623,29952.0285526597,29114.0212362778,29268.8070431626
2023-05-01 00:00:00,29227.1039819099,29329.9362211056,27680.7926396911,28091.5688038924
2023-05-02 00:00:00,28087.174969792,28881.2983804636,27924.1236749807,28680.5369679129
2023-05-03 00:00:00,28680.494409625,29259.5332879995,28178.3892452007,29006.3076709086
2023-05-04 00:00:00,29031.3044477545,29353.1846595615,28694.0390246895,28847.7115906552
2023-05-05 00:00:00,28851.4796617854,29668.9076771209,28845.5105337151,29534.384019705
2023-05-06 00:00:00,29538.859004621,29820.1266220765,28468.9674098562,28904.6239490708
2023-05-07 00:00:00,28901.6228241325,29157.5181853347,28441.3680383238,28454.9782855135
2023-05-08 00:00:00,28450.4574779637,28663.2723318452,27310.1356123737,27694.2728962731
2023-05-09 00:00:00,27695.0680692549,27821.4006063564,27375.6006902588,27658.774672519
2023-05-10 00:00:00,27654.6367765788,28322.6883278863,26883.6698825657,27621.7562273313
2023-05-11 00:00:00,27621.0868718167,27621.9419861764,26781.8270021461,27000.7882707338
2023-05-12 00:00:00,26987.6625136386,27055.6472281282,25878.428829536,26804.9906706878
2023-05-13 00:00:00,26807.7690443986,27030.4829603024,26710.8738030477,26784.0785608824
2023-05-14 00:00:00,26788.9742917708,27150.9767916992,26661.3549036476,26930.6378455643
2023-05-15 00:00:00,26931.3846319054,27646.3481186699,26766.0969160443,27192.6932211649
2023-05-16 00:00:00,27171.5145793968,27299.3048116412,26878.9479718172,27036.650709944
2023-05-17 00:00:00,27035.4701297138,27465.9279042946,26600.144844308,27398.8020279652
2023-05-18 00:00:00,27401.650207989,27466.5275901847,26415.1014830457,26832.209300486
2023-05-19 00:00:00,26826.7547863893,27128.6188432596,26700.2101422999,26890.1282424083
2023-05-20 00:00:00,26888.8413910538,27155.1590263728,26843.2773808623,27129.5862550312
2023-05-21 00:00:00,27118.4232282803,27265.917991796,26706.9213535133,26753.8256390547
2023-05-22 00:00:00,26749.8932054031,27045.7350857875,26549.7347924388,26851.2776278913
2023-05-23 00:00:00,26855.9606820402,27434.6843282044,26816.1797181209,27225.7265906348
2023-05-24 00:00:00,27224.6037024623,27224.6037024623,26106.576623118,26334.8182144365
2023-05-25 00:00:00,26329.4615125873,26591.5191830944,25890.5944753459,26476.2075319731
2023-05-26 00:00:00,26474.1824692754,26916.669912854,26343.9491574985,26719.2909846173
2023-05-27 00:00:00,26720.1825135591,26888.883370776,26621.1414051027,26868.3538184312
2023-05-28 00:00:00,26871.15877526,28193.448532831,26802.7517301607,28085.6473607492
2023-05-29 00:00:00,28075.5921411669,28432.0387169709,27563.8772111818,27745.884443552
2023-05-30 00:00:00,27745.1236032612,28044.7597979826,27588.5027657556,27702.3487747796
2023-05-31 00:00:00,27700.5300887118,27831.6778037086,26866.4539444005,27219.6586081109
2023-06-01 00:00:00,27218.4123755644,27346.1054831365,26671.7211558408,26819.9732197077
2023-06-02 00:00:00,26824.5569811195,27303.8616872678,26574.6444212308,27249.5889490884
2023-06-03 00:00:00,27252.323332615,27317.0518540886,26958.0037399252,27075.1293984425
2023-06-04 00:00:00,27075.1220733877,27407.0185695383,26968.2241409056,27119.0671931263
2023-06-05 00:00:00,27123.1099638092,27129.9825837683,25445.1675071202,25760.0969995361
2023-06-06 00:00:00,25732.1088628453,27313.8206824171,25434.8671315473,27238.7837262174
2023-06-07 00:00:00,27235.6495184016,27332.1809565185,26146.9888682086,26345.9988512669
2023-06-08 00:00:00,26347.6534538868,26797.5127867183,26246.6637562363,26508.2159021565
2023-06-09 00:00:00,26505.9240082429,26770.2891173356,26339.3152211506,26480.3750935951
2023-06-10 00:00:00,26481.7625447084,26531.0451633534,25501.8362415855,25851.2410031697
2023-06-11 00:00:00,25854.0319184511,26203.4398078896,25668.9856072276,25940.1680803434
2023-06-12 00:00:00,25934.2855973595,26087.9190731862,25675.1975943677,25902.499869783
2023-06-13 00:00:00,25902.9409098622,26376.3520693234,25728.3655675085,25918.7284012682
2023-06-14 00:00:00,25920.2580891397,26041.8001094749,24902.1527012158,25124.6766798408
2023-06-15 00:00:00,25121.673946192,25735.3085416373,24797.1678486154,25576.3940082636
2023-06-16 00:00:00,25575.2825953687,26463.1730645529,25245.3576831118,26327.4623942173
2023-06-17 00:00:00,26328.6794390096,26769.3945019205,26174.4916495744,26510.6764468879
2023-06-18 00:00:00,26510.4576052828,26675.925532232,26325.8901810201,26336.213003281
2023-06-19 00:00:00,26335.4423696201,26984.6115264724,26312.8318076296,26851.0285455213
2023-06-20 00:00:00,26841.6635300996,28388.9684174993,26668.7916991755,28327.4882643282
2023-06-21 00:00:00,28311.3109603566,30737.3292235892,28283.4107788348,30027.296453501
2023-06-22 00:00:00,29995.9357665997,30495.9984471372,29679.1574022677,29912.281714768
2023-06-23 00:00:00,29896.3834240396,31389.5381281357,29845.2145052038,30695.4694074896
2023-06-24 00:00:00,30708.738453966,30804.1493662664,30290.1464759963,30548.6948247387
2023-06-25 00:00:00,30545.1502334604,31041.2720670359,30327.9427839938,30480.2616057375
2023-06-26 00:00:00,30480.523973069,30636.0294295733,29955.7432937325,30271.1310167397
2023-06-27 00:00:00,30274.3211879661,31006.7865769744,30236.6512938044,30688.163854246
2023-06-28 00:00:00,30696.5614868419,30703.2799763247,29921.8228325599,30086.2461885249
2023-06-29 00:00:00,30086.1867174231,30796.2502396517,30057.2030203001,30445.3512260882
2023-06-30 00:00:00,30441.3537591761,31256.8626995544,29600.2759394191,30477.2512822446
2023-07-01 00:00:00,30471.8475630488,30641.2893232817,30328.8647488093,30590.0790715004
2023-07-02 00:00:00,30587.2699558779,30766.1397466901,30264.018714367,30620.7702634481
2023-07-03 00:00:00,30624.5163112716,31375.6132520015,30586.5134333907,31156.4394915754
2023-07-04 00:00:00,31156.8649216554,31325.1981663768,30659.3558933371,30777.5815111677
2023-07-05 00:00:00,30778.7253627454,30877.3292510437,30225.612698539,30514.16639282
2023-07-06 00:00:00,30507.1511109433,31460.053612688,29892.2260315633,29909.3377611007
2023-07-07 00:00:00,29907.9989024233,30434.6436943597,29777.2844100844,30342.2647520959
2023-07-08 00:00:00,30346.9216528359,30374.436525062,30080.1596102402,30292.541172642
2023-07-09 00:00:00,30291.6105302875,30427.5906603124,30085.5921932412,30171.2335717583
2023-07-10 00:00:00,30172.4229553721,31026.0837999654,29985.3947006345,30414.4715205927
2023-07-11 00:00:00,30417.6336240204,30788.3146195758,30358.0977422072,30620.9509380041
2023-07-12 00:00:00,30622.2469455637,30959.9655594585,30228.8352203163,30391.6461439343
2023-07-13 00:00:00,30387.4891966463,31814.5148120678,30268.3524866199,31476.0493854442
2023-07-14 00:00:00,31474.7213636247,31582.2548272377,29966.3871365008,30334.0690076907
2023-07-15 00:00:00,30331.7822769735,30407.7811093183,30263.4634166624,30295.807483728
2023-07-16 00:00:00,30297.4721108167,30437.5607323324,30089.67038376,30249.1328102967
2023-07-17 00:00:00,30249.626617143,30336.4001335,29685.7826866555,30145.8896255087
2023-07-18 00:00:00,30147.0708614209,30233.6553490189,29556.428372971,29856.5632231206
2023-07-19 00:00:00,29862.04720795,30184.1811513168,29794.2688631325,29913.9231998543
2023-07-20 00:00:00,29915.2503258654,30195.5310367275,29638.096674876,29792.0163780508
2023-07-21 00:00:00,29805.1115304935,30045.9975126413,29733.8509994208,29908.743898772
2023-07-22 00:00:00,29908.6969886163,29991.6159564429,29664.1209453471,29771.8028277715
2023-07-23 00:00:00,29790.1116464042,30330.6403920111,29741.5273145473,30084.5392407563
2023-07-24 00:00:00,30081.6616445789,30093.3942473004,28934.2941602457,29176.9154848326
2023-07-25 00:00:00,29178.9700445921,29353.161104588,29062.4342931064,29227.390799952
2023-07-26 00:00:00,29225.7601153369,29675.5526173996,29113.9113235798,29354.9728831488
2023-07-27 00:00:00,29353.7988292154,29560.9662619931,29099.3522511329,29210.6892773374
2023-07-28 00:00:00,29212.1643024276,29521.5143305549,29125.8455921496,29319.2454030349
2023-07-29 00:00:00,29319.4460376816,29396.8437541811,29264.1662739004,29356.9185375698
2023-07-30 00:00:00,29357.0936433926,29443.169489786,29059.5026285708,29275.307946897
2023-07-31 00:00:00,29278.3140543721,29489.8728687203,29131.5790337733,29230.110878649
2023-08-01 00:00:00,29230.8724049903,29675.7324980608,28657.0238197426,29675.7324980608
2023-08-02 00:00:00,29704.1468382002,29987.9971121967,28946.51037823,29151.9596891331
2023-08-03 00:00:00,29161.8119457041,29375.7070279614,28959.4882089026,29178.678779687
2023-08-04 00:00:00,29174.3818369773,29302.0782223191,28885.335399401,29074.0917277723
2023-08-05 00:00:00,29075.3889564763,29102.4656525949,28957.7976155422,29042.1261500756
2023-08-06 00:00:00,29043.7019801631,29160.8215441502,28963.8346883068,29041.8561709403
2023-08-07 00:00:00,29038.5128459431,29244.2808643985,28724.1405310678,29180.5789215225
2023-08-08 00:00:00,29180.0188620852,30176.7962374838,29113.8144640675,29765.4926735622
2023-08-09 00:00:00,29766.695595898,30093.4351892124,29376.8005464538,29561.4945073243
2023-08-10 00:00:00,29563.9718365603,29688.5648164715,29354.4464357924,29429.5924885661
2023-08-11 00:00:00,29424.902574843,29517.7736682695,29253.5179877987,29397.7154970071
2023-08-12 00:00:00,29399.7866548487,29465.1137837459,29357.5879811121,29415.9645162195
2023-08-13 00:00:00,29416.5935992443,29441.4333889142,29265.8075968834,29282.9143793982
2023-08-14 00:00:00,29283.262942771,29660.2543392724,29124.1055472393,29408.4425504032
2023-08-15 00:00:00,29408.048589907,29439.1204218858,29088.8532768829,29170.3472059942
2023-08-16 00:00:00,29169.0740199163,29221.9757429755,28701.7795245305,28701.7795245305
2023-08-17 00:00:00,28699.8028396574,28745.9465251714,25409.1116027686,26664.5499931202
2023-08-18 00:00:00,26636.0784021093,26808.1957847269,25668.9228168459,26049.5569008807
2023-08-19 00:00:00,26047.8329790106,26249.4483843828,25802.4078886004,26096.2045506881
2023-08-20 00:00:00,26096.8612255003,26260.6809353842,26004.3152995916,26189.5846686604
2023-08-21 00:00:00,26188.6906508187,26220.2016841533,25846.0879702768,26124.141253131
2023-08-22 00:00:00,26130.7480160416,26135.5082032906,25520.728490709,26031.6564794482
2023-08-23 00:00:00,26040.473651602,26786.8976054909,25804.9981865296,26431.6399826996
2023-08-24 00:00:00,26431.5198924678,26554.9098173772,25914.9255589463,26162.3724949505
2023-08-25 00:00:00,26163.6800536736,26248.1034276033,25786.8124616266,26047.6688510481
2023-08-26 00:00:00,26047.2352396372,26107.3842905801,25983.8782739266,26008.462659668
2023-08-27 00:00:00,26008.2418008294,26165.3724382761,25965.0975389949,26089.6934716635
2023-08-28 00:00:00,26089.6149228858,26198.5790644484,25880.6002488905,26106.1500439649
2023-08-29 00:00:00,26102.4858320026,28089.3380271543,25912.6289086749,27727.3930090424
2023-08-30 00:00:00,27726.0840340273,27760.1593966037,27069.2074245836,27297.2653483206
2023-08-31 00:00:00,27301.9293168046,27456.0790013622,25752.9299469294,25931.4728933574
2023-09-01 00:00:00,25934.0208061586,26125.8697737206,25362.6091281569,25800.7243726077
2023-09-02 00:00:00,25800.9096091103,25970.284489312,25753.0938469384,25868.7981401932
2023-09-03 00:00:00,25869.4727927244,26087.1491647509,25817.0317984223,25969.5673526316
2023-09-04 00:00:00,25968.1701334655,26081.5246051517,25657.0255672937,25812.4152686728
2023-09-05 00:00:00,25814.9578079891,25858.3743125201,25589.9885855439,25779.9817949848
2023-09-06 00:00:00,25783.930744879,25953.015656649,25404.3596799132,25753.2362583108
2023-09-07 00:00:00,25748.3120094302,26409.3030110922,25608.201595679,26240.19489212
2023-09-08 00:00:00,26245.2082080784,26414.005974773,25677.4795806905,25905.6537515133
2023-09-09 00:00:00,25905.4249124824,25921.976226367,25810.4950896881,25895.6782209584
2023-09-10 00:00:00,25895.2099714338,25978.1301676244,25640.2617077209,25832.2262469114
2023-09-11 00:00:00,25831.7155007322,25883.9470027172,24930.2974941684,25162.6552722476
2023-09-12 00:00:00,25160.6579251895,26451.9384975375,25133.0789086915,25833.3430604915
2023-09-13 00:00:00,25837.5549632929,26376.1134693933,25781.1237276336,26228.3240875137
2023-09-14 00:00:00,26228.2778603251,26774.6233565855,26171.4518522882,26539.6744424527
2023-09-15 00:00:00,26533.8188377296,26840.4979252215,26240.7006254309,26608.6933649124
2023-09-16 00:00:00,26606.1986522569,26754.7701833188,26473.8907765725,26568.2812876599
2023-09-17 00:00:00,26567.9275830021,26617.997627579,26445.0751254567,26534.18751685
2023-09-18 00:00:00,26532.9947937991,27414.734259256,26415.5158457515,26754.2810377253
2023-09-19 00:00:00,26760.8510057672,27488.7638021952,26681.6057746944,27211.1178197241
2023-09-20 00:00:00,27210.2284915397,27379.5060737309,26864.0823200663,27132.0073401285
2023-09-21 00:00:00,27129.8400209459,27152.9385802242,26389.3002858724,26567.6329044034
2023-09-22 00:00:00,26564.0561677608,26726.0780348598,26495.5324127361,26579.5686371325
2023-09-23 00:00:00,26578.5559271151,26634.1859848479,26520.5198304857,26579.3897405605
2023-09-24 00:00:00,26579.3739860713,26716.0584624373,26221.050004588,26256.8257867445
2023-09-25 00:00:00,26253.7752994376,26421.5083555994,26011.4696157754,26298.4795511748
2023-09-26 00:00:00,26294.7586727413,26389.8847847517,26090.7124028396,26217.2493357507
2023-09-27 00:00:00,26209.498349443,26817.8423152758,26111.4643819932,26352.7176189088
2023-09-28 00:00:00,26355.812394562,27259.4992234082,26327.3217124363,27021.5467647385
2023-09-29 00:00:00,27024.8417139356,27225.9384299173,26721.762796688,26911.7216027656
2023-09-30 00:00:00,26911.6891847171,27091.7955078372,26888.9678037149,26967.9163010637
2023-10-01 00:00:00,26967.3974331494,28047.2377100269,26965.0942923201,27983.7503817847
2023-10-02 00:00:00,27976.7991520291,28494.4596384314,27347.7875796333,27530.784889745
2023-10-03 00:00:00,27508.2518188075,27667.1920311533,27216.0013225348,27429.9790166632
2023-10-04 00:00:00,27429.074995009,27826.6579481943,27248.1062465564,27799.3940958796
2023-10-05 00:00:00,27798.6471269996,28091.8612370672,27375.6014238251,27415.9119821677
2023-10-06 00:00:00,27412.1224236917,28252.5375699066,27215.5524462077,27946.5967799289
2023-10-07 00:00:00,27946.781632977,28028.0920869055,27870.4234580531,27968.8388707898
2023-10-08 00:00:00,27971.6781072086,28102.1703909258,27740.6630244878,27935.0895806612
2023-10-09 00:00:00,27934.4721623395,27989.4709019697,27302.5619189233,27583.6785949548
2023-10-10 00:00:00,27589.2011015988,27715.8483474204,27301.655078145,27391.0195174366
2023-10-11 00:00:00,27392.0755460815,27474.1161865287,26561.099365503,26873.3211207589
2023-10-12 00:00:00,26873.2924913908,26921.4389028815,26558.320783999,26756.7986388286
2023-10-13 00:00:00,26752.8795584136,27092.6967461244,26686.3223094419,26862.3754456225
2023-10-14 00:00:00,26866.2032449465,26968.9992181773,26814.5865862464,26861.7062025597
2023-10-15 00:00:00,26858.0117256917,27289.1703193981,26817.8940104817,27159.6529187802
2023-10-16 00:00:00,27162.6282288816,29448.1390371439,27130.4734781668,28519.466679449
2023-10-17 00:00:00,28522.0981659193,28618.7523898295,28110.186117224,28415.7481397071
2023-10-18 00:00:00,28413.5308076905,28889.0095891567,28174.2525509513,28328.3411519926
2023-10-19 00:00:00,28332.4153057225,28892.4736768208,28177.987543782,28719.8061329065
2023-10-20 00:00:00,28732.8115476298,30104.0856129743,28601.6701571248,29682.9492736036
2023-10-21 00:00:00,29683.3818172183,30287.4816486504,29481.752314224,29918.4116679289
2023-10-22 00:00:00,29918.6550353499,30199.433111792,29720.3134496158,29993.896524372
2023-10-23 00:00:00,30140.6848629718,34370.4387694494,30097.8287422783,33086.2329685778
2023-10-24 00:00:00,33077.3039477251,35150.4334987547,32880.7617303701,33901.5265633635
2023-10-25 00:00:00,33916.0440547641,35133.7575692805,33709.1103099721,34502.8208915452
2023-10-26 00:00:00,34504.2874223132,34832.9085401984,33762.3232894547,34156.6498283887
2023-10-27 00:00:00,34156.5006862458,34238.2107710298,33416.8854859996,33909.7992843111
2023-10-28 00:00:00,33907.7236538604,34399.3889776255,33874.80478364,34089.5758722222
2023-10-29 00:00:00,34089.3717393188,34743.2624156324,33947.5671779426,34538.4820881103
2023-10-30 00:00:00,34531.7413739892,34843.9354996506,34110.97396275,34502.3646632352
2023-10-31 00:00:00,34500.077738405,34719.2540492146,34083.3094592027,34667.7793605467
2023-11-01 00:00:00,34657.275324496,35527.9315607675,34170.6925900981,35437.2531810872
2023-11-02 00:00:00,35441.5773850879,35919.8436017766,34401.5749059473,34938.2423951435
2023-11-03 00:00:00,34942.474318143,34942.474318143,34133.4396153842,34732.3255842841
2023-11-04 00:00:00,34736.3234106715,35256.032746518,34616.6933359046,35082.1972208526
2023-11-05 00:00:00,35090.013021366,35340.3397190718,34594.2425771252,35049.3559240236
2023-11-06 00:00:00,35044.7899191289,35286.0268268344,34765.3648471006,35037.3694407199
2023-11-07 00:00:00,35047.7936330374,35892.4163695816,34545.8150953191,35443.5613607149
2023-11-08 00:00:00,35419.4767171176,35994.4165314881,35147.8008053808,35655.2760812313
2023-11-09 00:00:00,35633.6343938602,37926.2567969959,35592.1032519349,36693.1236338431
2023-11-10 00:00:00,36702.2518583303,37493.8013005562,36362.7552276005,37313.9696874571
2023-11-11 00:00:00,37310.070760187,37407.0932751349,36773.6664564109,37138.0505408954
2023-11-12 00:00:00,37133.9908846586,37227.6925577401,36779.1165342627,37054.5201429095
2023-11-13 00:00:00,37070.3058713039,37405.1152995046,36399.6051113486,36502.3573373281
2023-11-14 00:00:00,36491.787577554,36753.3521876241,34948.5002761446,35537.6405155251
2023-11-15 00:00:00,35548.1127933703,37964.8928323147,35383.7809668933,37880.5831724307
2023-11-16 00:00:00,37879.9799370366,37934.625198059,35545.473342881,36154.7692413685
2023-11-17 00:00:00,36164.8236042335,36704.4828037394,35901.2355630271,36596.6819231214
2023-11-18 00:00:00,36625.3714763297,36839.2828685121,36233.3117312511,36585.7029298644
2023-11-19 00:00:00,36585.7656994176,37509.3562598784,36414.5982759999,37386.547774872
2023-11-20 00:00:00,37374.0746847021,37756.8192892406,36882.5319812888,37476.9558592879
2023-11-21 00:00:00,37469.1597071434,37631.1396417926,35813.8113636295,35813.8113636295
2023-11-22 00:00:00,35756.5532577388,37856.9799117719,35670.9718775193,37432.3383067227
2023-11-23 00:00:00,37420.4338755699,37643.918419055,36923.8643638084,37289.6206606291
2023-11-24 00:00:00,37296.3168330161,38415.3381982376,37261.6060502206,37720.2811521398
2023-11-25 00:00:00,37721.4134479349,37892.4299655735,37617.4168346315,37796.792344848
2023-11-26 00:00:00,37796.8288643375,37820.3013424636,37162.7491535169,37479.1222936619
2023-11-27 00:00:00,37454.1919552581,37559.3545503467,36750.127104535,37254.1688542494
2023-11-28 00:00:00,37247.9911748235,38368.4799548652,36891.0893619888,37831.08686845
2023-11-29 00:00:00,37826.105521743,38366.1129965833,37612.6316233579,37858.4940548249
2023-11-30 00:00:00,37861.1188827035,38141.753547202,37531.1416285477,37712.7477716325
2023-12-01 00:00:00,37718.0096264496,38954.1104267705,37629.3589120492,38688.7483611912
2023-12-02 00:00:00,38689.2786171684,39678.9372866006,38652.5956762182,39476.3332803722
2023-12-03 00:00:00,39472.2074711724,40135.6048969089,39298.1655236638,39978.3918165449
2023-12-04 00:00:00,39978.6286477951,42371.7494405891,39978.6286477951,41980.099479768
2023-12-05 00:00:00,41986.264347015,44408.6657350926,41421.1473852755,44080.6479510633
2023-12-06 00:00:00,44080.0242501869,44265.7704026223,43478.0813159423,43746.4453572592
2023-12-07 00:00:00,43769.1310742455,44042.5880240247,42880.650128739,43292.664239208
2023-12-08 00:00:00,43293.1349473961,44705.5150094178,43125.2951035043,44166.6006381823
2023-12-09 00:00:00,44180.0209431358,44361.2573501547,43627.5971803905,43725.9858124315
2023-12-10 00:00:00,43728.3834800905,44034.6249687773,43593.2837953064,43779.6972879957
2023-12-11 00:00:00,43792.0178583651,43808.3730556685,40234.5783345331,41243.833314624
2023-12-12 00:00:00,41238.7333899751,42048.3037818572,40667.5618509577,41450.2221904665
2023-12-13 00:00:00,41468.4658620962,43429.7806213337,40676.8681612393,42890.7407335901
2023-12-14 00:00:00,42884.262691725,43390.8603735018,41767.0905401243,43023.9719741933
2023-12-15 00:00:00,43028.2506905271,43087.823772867,41692.9680383251,41929.758392901
2023-12-16 00:00:00,41937.7409680042,42664.9451355563,41723.1134662413,42240.1190820501
2023-12-17 00:00:00,42236.1083449133,42359.4961190853,41274.5435178846,41364.665918237
2023-12-18 00:00:00,41348.2020891569,42720.2971272287,40530.2585192877,42623.5383250276
2023-12-19 00:00:00,42641.5102132607,43354.2965965116,41826.3351516884,42270.526139511
2023-12-20 00:00:00,42261.3001386457,44275.5875124813,42223.81786147,43652.2486680177
2023-12-21 00:00:00,43648.1249306302,44240.6691278117,43330.0526463835,43869.1508569937
2023-12-22 00:00:00,43868.9864223563,44367.9557717841,43441.9679523025,43997.9014099549
2023-12-23 00:00:00,44012.1986320734,44015.6986411337,43351.3557019809,43739.5421372235
2023-12-24 00:00:00,43728.3659896895,43945.5215615407,42786.9178556284,43016.1176211831
2023-12-25 00:00:00,43010.5729205333,43765.0921434755,42765.7711390539,43613.1420846622
2023-12-26 00:00:00,43599.8475904194,43603.1754416663,41676.4899684567,42520.4015112687
2023-12-27 00:00:00,42518.4685280916,43683.1598081313,42167.5834863898,43442.8545582321
2023-12-28 00:00:00,43468.1980626735,43804.7814175761,42318.5488619045,42627.8535313684
2023-12-29 00:00:00,42614.6438924239,43124.3258597128,41424.0606411494,42099.40280858
2023-12-30 00:00:00,42091.7526436775,42584.1236395343,41556.225992296,42156.9011497639
2023-12-31 00:00:00,42152.0984535163,42860.9373917843,41998.2553456874,42265.185654866
2024-01-01 00:00:00,42280.2352761923,44175.4360525169,42214.9767546307,44167.3302140774
2024-01-02 00:00:00,44187.1390394876,45899.7063545898,44176.9504427245,44957.9700541418
2024-01-03 00:00:00,44961.6031868025,45503.2417949492,40813.5348681668,42848.1756409655
2024-01-04 00:00:00,42855.8147613589,44770.0234137515,42675.174006958,44179.9217008268
2024-01-05 00:00:00,44192.9786987717,44353.2858592993,42784.7182659068,44162.6916302269
2024-01-06 00:00:00,44178.9546068436,44227.6313072794,43475.1564305872,43989.1940934574
2024-01-07 00:00:00,43998.4642425627,44495.5714707771,43662.2286270794,43943.0972289695
2024-01-08 00:00:00,43948.7069553091,47218.0011250012,43244.0816061893,46970.5023144901
2024-01-09 00:00:00,46987.6387410088,47893.701008309,45244.7151480448,46139.7303748525
2024-01-10 00:00:00,46121.5398246707,47647.2209853195,44483.1508612105,46627.7791119614
2024-01-11 00:00:00,46656.0730839661,48969.3713995297,45678.6453977641,46368.5853820194
2024-01-12 00:00:00,46354.7931880012,46498.1348211579,41903.7707507553,42853.166658062
2024-01-13 00:00:00,42799.4464877818,43234.6617771986,42464.1432038222,42842.382191236
2024-01-14 00:00:00,42842.2636652252,43065.5988521059,41724.6137245906,41796.2696064245
2024-01-15 00:00:00,41715.0665274581,43319.7211832336,41705.4183277754,42511.9677203311
2024-01-16 00:00:00,42499.3375361691,43566.2749235186,42085.9960280039,43154.9442343824
2024-01-17 00:00:00,43132.1003391655,43189.8905105363,42189.3105279928,42742.6528373141
2024-01-18 00:00:00,42742.3116238329,42876.3466025394,40631.170494622,41262.0583641846
2024-01-19 00:00:00,41278.4591854003,42134.1589750297,40297.4578577579,41618.4073654042
2024-01-20 00:00:00,41624.5890285851,41877.8939176969,41446.8230903601,41665.5848362109
2024-01-21 00:00:00,41671.488525486,41855.3687214059,41497.0096642442,41545.7835143902
2024-01-22 00:00:00,41553.6526912489,41651.2067927986,39450.1189925939,39507.368823822
2024-01-23 00:00:00,39518.7154526761,40127.3534273434,38521.8938882205,39845.5511467999
2024-01-24 00:00:00,39877.5955582972,40483.7838777778,39508.7984636234,40077.073269779
2024-01-25 00:00:00,40075.5490213235,40254.4823232698,39545.6644584551,39933.80775217
2024-01-26 00:00:00,39936.8168833334,42209.3851748614,39825.6922313522,41816.8728440034
2024-01-27 00:00:00,41815.625020172,42195.6315569807,41431.2798936061,42120.0563516849
2024-01-28 00:00:00,42126.1259571253,42797.1773592875,41696.9083425677,42035.5943721701
2024-01-29 00:00:00,42030.9153796232,43305.868859591,41818.3310863757,43288.2453360835
2024-01-30 00:00:00,43300.2280935041,43838.9468441061,42711.371764431,42952.6082102489
2024-01-31 00:00:00,42946.251373978,43717.4046564783,42298.9471563758,42582.6063895367
2024-02-01 00:00:00,42569.7613984399,43243.1681801413,41879.1899911815,43075.7745999369
2024-02-02 00:00:00,43077.6391761328,43422.4880666837,42584.337230227,43185.8594322356
2024-02-03 00:00:00,43184.9636789534,43359.9419263118,42890.8066758177,42992.2496292216
2024-02-04 00:00:00,42994.9407957104,43097.644016457,42374.8339024291,42583.5829201294
2024-02-05 00:00:00,42577.6229811484,43494.2486315872,42264.8172969015,42658.66604833
2024-02-06 00:00:00,42657.3910738742,43344.148217751,42529.0214234132,43084.6718635339
2024-02-07 00:00:00,43090.0212972066,44341.9483326736,42775.9584713438,44318.2244507353
2024-02-08 00:00:00,44332.1256023337,45575.8417211487,44332.1256023337,45301.5666288709
2024-02-09 00:00:00,45297.3842529508,48152.494627699,45260.8245721867,47147.2003126111
2024-02-10 00:00:00,47153.5284248774,48146.1704309785,46905.3216858143,47771.2773670997
2024-02-11 00:00:00,47768.9681304591,48535.9359097846,47617.4053651872,48293.916750573
2024-02-12 00:00:00,48296.3851963696,50280.4752743247,47745.760261073,49958.2242190229
2024-02-13 00:00:00,49941.3611618475,50358.3920857078,48406.495563553,49742.4409898499
2024-02-14 00:00:00,49733.4447985071,52021.3707787094,49296.8309233025,51826.6959960877
2024-02-15 00:00:00,51836.7835750689,52820.0669345775,51371.6274837126,51938.5563164417
2024-02-16 00:00:00,51937.726913942,52537.9702279417,51641.3672186264,52160.2028290199
2024-02-17 00:00:00,52161.6754757898,52191.9140895083,50669.6686753007,51662.9953696527
2024-02-18 00:00:00,51661.9701145538,52356.9631646469,51233.7088307033,52122.5454555893
2024-02-19 00:00:00,52134.8122142975,52483.3255526759,51711.8192277814,51779.1440620507
2024-02-20 00:00:00,51777.7285112097,52945.0525658512,50792.3112523534,52284.8735570538
2024-02-21 00:00:00,52273.5357770647,52368.8167437199,50671.7586626541,51839.180531431
2024-02-22 00:00:00,51854.6452196827,52009.6124946062,50926.2933856684,51304.9743566764
2024-02-23 00:00:00,51283.9045735482,51497.932192527,50561.7758617907,50731.9491908572
2024-02-24 00:00:00,50736.3700672672,51684.1945188496,50585.4458895025,51571.1031123439
2024-02-25 00:00:00,51565.2153639478,51950.0272382597,51306.1701727499,51733.2366017007
2024-02-26 00:00:00,51730.5397930603,54938.1743804336,50931.0316078668,54522.4015367874
2024-02-27 00:00:00,54519.3620670787,57537.8396586629,54484.2001385158,57085.3723068546
2024-02-28 00:00:00,57071.0980532704,63913.1318135774,56738.424203497,62504.7892535158
2024-02-29 00:00:00,62499.1817682341,63585.6434285071,60498.7304458524,61198.382897303
2024-03-01 00:00:00,61168.0624293716,63155.102346449,60802.5263580781,62440.632541801
2024-03-02 00:00:00,62431.6524817224,62458.698522363,61657.2887063873,62029.8460575718
2024-03-03 00:00:00,62031.5785228643,63230.2095633987,61435.0234212545,63167.3703575333
2024-03-04 00:00:00,63137.0046815427,68537.0293331006,62386.5183529378,68330.4156080938
2024-03-05 00:00:00,68341.0577818122,69170.6282056586,59323.9089421326,63801.1975606416
2024-03-06 00:00:00,63776.0514257971,67637.9298587807,62848.6715193177,66106.8027872293
2024-03-07 00:00:00,66099.7416524941,68029.9186923244,65655.5342002876,66925.4832022114
2024-03-08 00:00:00,66938.093484834,70083.0516244158,66230.4521398548,68300.0956913071
2024-03-09 00:00:00,68299.2597262835,68673.0580341934,68053.1252189707,68498.8813040087
2024-03-10 00:00:00,68500.2558542071,70005.1999005997,68239.9803865003,69019.7863638058
2024-03-11 00:00:00,69020.5497746578,72850.7135799679,67194.8861518091,72123.9035465021
2024-03-12 00:00:00,72125.1216267045,72825.6573705477,68728.8543331391,71481.2915939556
2024-03-13 00:00:00,71482.1170682073,73637.4747859581,71334.092382423,73083.5013282129
2024-03-14 00:00:00,73079.3733787985,73750.07385038,68563.0227681066,71396.5898919832
2024-03-15 00:00:00,71387.8732028734,72357.1308820082,65630.6940828298,69403.7718321646
2024-03-16 00:00:00,69392.4875002576,70046.2739253852,64801.3955477261,65315.1174741194
2024-03-17 00:00:00,65316.3448826515,68845.716235111,64545.3181028634,68390.6228032209
2024-03-18 00:00:00,68371.3072649579,68897.1344141915,66594.2303507649,67548.5915664071
2024-03-19 00:00:00,67556.1311558065,68106.9274067598,61536.1802464548,61912.7731524471
2024-03-20 00:00:00,61930.15489599,68115.2588663162,60807.785959948,67913.6730250434
2024-03-21 00:00:00,67911.5838668811,68199.9904381971,64580.9167386845,65491.3899253579
2024-03-22 00:00:00,65489.9284596836,66623.7492992082,62355.3697078192,63778.7625575478
2024-03-23 00:00:00,63802.7219633034,65976.4015374461,63038.4930847102,64062.2023270844
2024-03-24 00:00:00,64070.752131174,67622.7608864492,63825.8533377133,67234.1723529876
2024-03-25 00:00:00,67234.0975756782,71162.5934370206,66414.8322302473,69958.8135820151
2024-03-26 00:00:00,69931.326350589,71535.7408017335,69335.612905687,69987.8389025111
2024-03-27 00:00:00,69991.8965149852,71727.6837626186,68381.9258471035,69455.3409809589
2024-03-28 00:00:00,69452.7711054015,71546.0195998392,68895.5052267084,70744.95206404
2024-03-29 00:00:00,70744.7965151497,70913.0957242694,69076.6541876152,69892.8290676804
2024-03-30 00:00:00,69893.4442882606,70355.4947898488,69601.0650591163,69645.3057915427
2024-03-31 00:00:00,69647.7790304267,71377.77949815,69624.8686769617,71333.6479258644
2024-04-01 00:00:00,71333.4847168797,71342.0914544441,68110.6960199927,69702.1461134383
2024-04-02 00:00:00,69705.0243224739,69708.3812579704,64586.5943036175,65446.9742329379
2024-04-03 00:00:00,65446.671763903,66914.322564305,64559.8999476563,65980.8086503925
2024-04-04 00:00:00,65975.6966672092,69291.2548057891,65113.7965341332,68508.8418444563
2024-04-05 00:00:00,68515.7542604507,68725.7583568213,66011.4794922177,67837.6425319939
2024-04-06 00:00:00,67840.573581488,69629.6020485463,67491.715235203,68896.1099842787
2024-04-07 00:00:00,68897.1111298945,70284.4262649904,68851.6300899912,69362.5512776015
2024-04-08 00:00:00,69362.5540045166,72715.3596085505,69064.2448983065,71631.3569464587
2024-04-09 00:00:00,71632.5026622314,71742.5063235516,68212.9193016207,69139.0158316976
2024-04-10 00:00:00,69140.2406434559,71093.4331610893,67503.5656131505,70587.8794391434
2024-04-11 00:00:00,70575.7321640038,71256.2381299908,69571.8149746539,70060.607060739
2024-04-12 00:00:00,70061.3796014563,71222.7429794419,65254.8343448545,67195.8641789992
2024-04-13 00:00:00,67188.376427327,67931.4293637379,60919.10616167,63821.4738846918
2024-04-14 00:00:00,63836.2318365827,65824.4270830711,62205.8517191109,65738.723886878
2024-04-15 00:00:00,65739.6445392053,66878.6469049673,62332.0715244205,63426.2100184061
2024-04-16 00:00:00,63419.298487949,64355.6692631642,61716.4023286062,63811.8639407202
2024-04-17 00:00:00,63831.8472221937,64486.3647097877,59768.58779218,61276.6932586277
2024-04-18 00:00:00,61275.315409319,64125.6864154228,60833.4792210451,63512.7534949431
2024-04-19 00:00:00,63510.7503198651,65481.5970540573,59651.3902645616,63843.568502442
2024-04-20 00:00:00,63851.1000364476,65442.4589541453,63172.4039086034,64994.4400680992
2024-04-21 00:00:00,64992.8166095876,65723.2398284521,64277.7214286576,64926.643211728
2024-04-22 00:00:00,64935.6331696056,67233.9570363906,64548.1785840354,66837.676090911
2024-04-23 00:00:00,66839.8945118829,67199.2419461881,65864.8676587883,66407.2717994139
2024-04-24 00:00:00,66408.7220661493,67075.3696458104,63589.8719293202,64276.8974153965
2024-04-25 00:00:00,64275.0210186857,65275.2075178735,62783.6332731569,64481.7066444767
2024-04-26 00:00:00,64485.3699318773,64789.6575058214,63322.3996366721,63755.3213316848
2024-04-27 00:00:00,63750.9901461159,63898.3615918925,62424.7206816789,63419.141196433
2024-04-28 00:00:00,63423.5139265635,64321.482807962,62793.5987661365,63113.2316825626
2024-04-29 00:00:00,63106.3642006694,64174.8777212994,61795.4572006942,63841.1201641904
2024-04-30 00:00:00,63839.419865918,64703.332363219,59120.0680465683,60636.8567800147
2024-05-01 00:00:00,60609.4979456889,60780.4996773697,56555.2940546252,58254.0098531432
2024-05-02 00:00:00,58253.7047001798,59602.2980278408,56937.2041675081,59123.432246675
2024-05-03 00:00:00,59122.3008516113,63320.5033894935,58848.3120591606,62889.8367440854
2024-05-04 00:00:00,62891.0305478435,64494.9584257589,62599.3531468395,63891.4729184709
2024-05-05 00:00:00,63892.4549874494,64610.8902147328,62955.3064762918,64031.1328085695
2024-05-06 00:00:00,64038.3135554184,65494.9017248,62746.2384545471,63161.9502576304
2024-05-07 00:00:00,63162.7633988645,64390.4567414101,62285.9791810284,62334.8183461472
2024-05-08 00:00:00,62332.6425081457,62986.0842424385,60877.1275241843,61187.9414007209
2024-05-09 00:00:00,61191.2005309392,63404.9153005351,60648.0754241275,63049.9592572275
2024-05-10 00:00:00,63055.1909954148,63446.742514866,60208.7815474421,60792.7767905692
2024-05-11 00:00:00,60793.3570069146,61451.153731082,60492.6253742997,60793.7095993966
2024-05-12 00:00:00,60793.5020253167,61818.1548827464,60632.6024448204,61448.3946717975
2024-05-13 00:00:00,61451.2185129853,63422.6603802151,60769.8406689419,62901.4474552226
2024-05-14 00:00:00,62900.7740072673,63092.1251610829,61123.7665334497,61552.7901353372
2024-05-15 00:00:00,61553.9898466732,66454.4499651706,61330.4087797256,66267.4914674742
2024-05-16 00:00:00,66256.1118170564,66712.4293791061,64613.0560461696,65231.5803133093
2024-05-17 00:00:00,65231.298680324,67459.459501861,65119.3149767952,67051.8749127217
2024-05-18 00:00:00,67066.2110427919,67387.3303661433,66663.4965205979,66940.8044099749
2024-05-19 00:00:00,66937.9300740777,67694.2987797957,65937.1778059728,66278.3700820502
2024-05-20 00:00:00,66278.7446711611,71483.5662159473,66086.1741180514,71448.1951913786
2024-05-21 00:00:00,71443.0634407286,71946.462688481,69191.1235320329,70136.5314428893
2024-05-22 00:00:00,70135.3186263525,70623.6942738307,68977.691411907,69122.3390056842
2024-05-23 00:00:00,69121.3029390876,70041.2713763247,66356.9536254419,67929.5630390052
2024-05-24 00:00:00,67928.1302862087,69220.293943924,66622.668678968,68526.0977735946
2024-05-25 00:00:00,68526.9222212624,69579.3213302478,68515.8188292747,69265.9427381597
2024-05-26 00:00:00,69264.2852545858,69506.2285421786,68183.8928078913,68518.089965076
2024-05-27 00:00:00,68512.1802655161,70597.8795113327,68232.5011318297,69394.5533738668
2024-05-28 00:00:00,69392.1967670435,69514.6393490426,67227.1543961515,68296.2219884276
2024-05-29 00:00:00,68296.3481343617,68852.4633049161,67101.4943279545,67578.0929202265
2024-05-30 00:00:00,67576.0878952647,69500.5427031068,67118.0774248017,68364.9895474297
2024-05-31 00:00:00,68362.5159429005,68999.5652381306,66633.4183418303,67489.6117770498
2024-06-01 00:00:00,67475.4311813476,67839.7683994728,67386.1976053803,67706.9373135869
2024-06-02 00:00:00,67710.270892225,68409.1658300424,67315.5263140881,67751.6025754618
2024-06-03 00:00:00,67753.8954139676,70230.8208497634,66252.0269225257,68804.7800851881
2024-06-04 00:00:00,68804.5672232513,71047.4060137136,68564.6432212861,70567.7689044147
2024-06-05 00:00:00,70568.3502921197,71735.4109799185,70390.7126911347,71082.8227040099
2024-06-06 00:00:00,71082.840431362,71625.7372487098,70119.1230339739,70757.1658518634
2024-06-07 00:00:00,70759.1844842714,71907.8489829092,68507.2609412725,69342.5867361146
2024-06-08 00:00:00,69324.1765468448,69533.316965574,69210.7415576629,69305.7743187653
2024-06-09 00:00:00,69297.4948168382,69817.5222964172,69160.8417439313,69647.9930028748
2024-06-10 00:00:00,69644.3127359651,70146.068326324,69232.4254462119,69512.2802780003
2024-06-11 00:00:00,69508.0797260822,69549.4167266658,66123.5991587769,67332.0304641765
2024-06-12 00:00:00,67321.3741025823,69977.8905524666,66902.4550653939,68241.1840753497
2024-06-13 00:00:00,68243.1044352463,68365.7836010418,66304.5656045762,66756.3970935791
2024-06-14 00:00:00,66747.5695108031,67294.6510506943,65056.8930142447,66011.0937273263
2024-06-15 00:00:00,66006.7402466095,66402.1873506642,65871.7760536484,66191.0004703788
2024-06-16 00:00:00,66189.3577903179,66894.8412447438,66018.2491743433,66639.0465356994
2024-06-17 00:00:00,66636.5154989442,67188.3174738561,65094.964125938,66490.2941752674
2024-06-18 00:00:00,66490.9770080024,66556.6994239639,64066.9556655973,65140.7445894597
2024-06-19 00:00:00,65146.6591196714,65695.354178078,64693.3023002155,64960.2953009057
2024-06-20 00:00:00,64960.2953009057,66438.9638782359,64547.8493233898,64828.6558115702
2024-06-21 00:00:00,64837.9875894116,65007.5463719616,62785.5293236621,64096.1981877808
2024-06-22 00:00:00,64113.8649019506,64760.3603546725,63960.0319133184,64252.5787467441
2024-06-23 00:00:00,64248.9631741494,64491.7032159382,63180.7982064002,63180.7982064002
2024-06-24 00:00:00,63173.3527128475,63292.5271566001,58601.7000722967,60277.4146563769
2024-06-25 00:00:00,60266.2830663474,62258.2613349935,60239.7483511623,61804.6411680707
2024-06-26 00:00:00,61789.6754472311,62434.1365104004,60695.1868303097,60811.2784501874
2024-06-27 00:00:00,60811.2270218847,62293.862003011,60585.3308067077,61604.801764073
2024-06-28 00:00:00,61612.8057853413,62126.0965678871,59985.4042602081,60320.1355264783
2024-06-29 00:00:00,60319.8732021512,61097.621824376,60300.9651019716,60887.3808347422
2024-06-30 00:00:00,60888.4455615606,62892.8271989797,60632.9504386712,62678.292079457
2024-07-01 00:00:00,62673.6063386528,63777.227541783,62495.5101039097,62851.9800679276
2024-07-02 00:00:00,62844.4115540899,63203.3594480376,61752.7466366257,62029.0168101831
2024-07-03 00:00:00,62034.3301365905,62187.7048428681,59419.3883912521,60173.9235814982
2024-07-04 00:00:00,60147.137642006,60399.6747732512,56777.8049467793,56977.7014590912
2024-07-05 00:00:00,57022.8092189746,57497.1514256945,53717.3754334207,56662.3732744795
2024-07-06 00:00:00,56659.075234024,58472.5487392065,56038.9616404155,58303.5385809166
2024-07-07 00:00:00,58239.4304736734,58371.1203868862,55793.3259432251,55849.1106386094
2024-07-08 00:00:00,55849.5737694153,58131.3373014961,54321.0190639668,56705.0984270702
2024-07-09 00:00:00,56704.5969356415,58239.1969981092,56316.8751540777,58009.2263162293
2024-07-10 00:00:00,58033.8844856386,59359.4323917866,57178.4125249149,57742.4946206796
2024-07-11 00:00:00,57729.8908040311,59299.4342862437,57120.3775087818,57344.914785087
2024-07-12 00:00:00,57341.1949342451,58532.5530575507,56590.1744886772,57899.4655171113
2024-07-13 00:00:00,57908.7385440759,59787.078219519,57796.4424544948,59231.9532405648
2024-07-14 00:00:00,59225.2503987175,61329.5291439691,59225.2503987175,60787.7923701369
2024-07-15 00:00:00,60815.4578978154,64870.1528151311,60704.9291986666,64870.1528151311
2024-07-16 00:00:00,64784.4188428292,65354.3382001038,62487.9671099288,65097.1468308443
2024-07-17 00:00:00,65091.8307087293,66066.7330274247,63896.0871928785,64118.7926694255
2024-07-18 00:00:00,64104.7376791449,65104.6614189984,63246.1644386903,63974.0666841082
2024-07-19 00:00:00,63972.3254992254,67442.6381157797,63329.3420254858,66710.1543130458
2024-07-20 00:00:00,66709.9256150293,67610.7343734082,66299.6183732209,67163.6449237129
2024-07-21 00:00:00,67164.9119218204,68372.9051655897,65842.298799547,68154.522905866
2024-07-22 00:00:00,68152.9761329417,68480.0627910864,66611.2998683859,67585.2499720905
2024-07-23 00:00:00,67584.8043545273,67779.0175541407,65484.4620810299,65927.6723614031
2024-07-24 00:00:00,65927.8580751662,67113.9843132699,65146.9949755547,65372.1332336736
2024-07-25 00:00:00,65375.8734846053,66112.4200353199,63473.4732846473,65777.2239400202
2024-07-26 00:00:00,65771.8104166052,68207.6000267291,65743.7694349242,67912.06309622
2024-07-27 00:00:00,67911.8142625278,69398.5113084796,66705.2195764852,67813.3394163313
2024-07-28 00:00:00,67808.655588481,68301.8541099212,67085.8281866684,68255.8657690205
2024-07-29 00:00:00,68259.0549329203,69987.5422080099,66532.5931101119,66819.9161863636
2024-07-30 00:00:00,66819.0526575841,66987.6723080417,65323.1919785809,66201.0162264011
2024-07-31 00:00:00,66201.2710774696,66810.2126924941,64532.0462977066,64619.2496492185
2024-08-01 00:00:00,64625.8404447144,65593.244771184,62248.9399911026,65357.5015625505
2024-08-02 00:00:00,65353.4984738177,65523.2235707569,61184.8931977399,61415.0645726852
2024-08-03 00:00:00,61414.8084938627,62148.3717618854,59836.5273716364,60680.0946987796
2024-08-04 00:00:00,60676.0941770946,61062.9895543501,57210.8033286504,58116.9769610403
2024-08-05 00:00:00,58110.2984557763,58268.8274088694,49121.2373775943,53991.4577965042
2024-08-06 00:00:00,53991.3475883934,57059.9186167572,53973.2722755542,56034.3165914605
2024-08-07 00:00:00,56040.6321232278,57726.8810517744,54620.5095211427,55027.4606917867
2024-08-08 00:00:00,55030.0290256907,62673.7639765565,54766.7284231449,61710.1375644501
2024-08-09 00:00:00,61728.2089798276,61751.8644407637,59587.8597904934,60880.1122032153
2024-08-10 00:00:00,60881.2294781478,61464.5116528916,60287.5665321098,60945.8131361053
2024-08-11 00:00:00,60944.8925563279,61778.6603733988,58348.8233421261,58719.483169327
2024-08-12 00:00:00,58719.3952192515,60680.3308127436,57688.8977269543,59354.5137212797
2024-08-13 00:00:00,59356.2077843983,61572.3969722555,58506.2533734494,60609.5669845367
2024-08-14 00:00:00,60611.0500484466,61687.756592205,58472.8741300951,58737.2706270019
2024-08-15 00:00:00,58733.2629876225,59838.6486731405,56161.5928697264,57560.0976318307
2024-08-16 00:00:00,57560.2733013763,59847.3583466111,57110.0193186318,58894.1041602173
2024-08-17 00:00:00,58893.530843348,59694.6689280267,58814.8313263298,59478.9710471953
2024-08-18 00:00:00,59468.1314945541,60262.7170016644,58445.4017198721,58483.9649819015
2024-08-19 00:00:00,58480.7127277463,59612.6612546717,57864.7095096926,59493.4524821881
2024-08-20 00:00:00,59493.4519675227,61396.3281000012,58610.8833682436,59012.7911526577
2024-08-21 00:00:00,59014.9876262709,61834.3507771778,58823.4436141467,61175.192009918
2024-08-22 00:00:00,61168.315762736,61408.1075728165,59815.2549824794,60381.9124606776
2024-08-23 00:00:00,60380.9528602663,64947.0617611003,60372.0499574361,64094.3572066269
2024-08-24 00:00:00,64103.8695897208,64513.7904970015,63619.9172143709,64178.9906500623
2024-08-25 00:00:00,64176.3670669592,64996.4201037902,63833.5188951835,64333.5441834656
2024-08-26 00:00:00,64342.2254421225,64489.7063803201,62849.5598236226,62880.6586542698
2024-08-27 00:00:00,62879.7084021583,63207.5975871296,58116.751326202,59504.1326827134
2024-08-28 00:00:00,59507.9246387341,60236.4480067382,57890.6769051017,59027.6265870301
2024-08-29 00:00:00,59027.4683440286,61184.0806151523,58786.2269878956,59388.1808524122
2024-08-30 00:00:00,59388.6018804972,59896.8875637952,57768.5300577066,59119.4747770124
2024-08-31 00:00:00,59117.4795058185,59432.5919476527,58768.7839637053,58969.8983660431
2024-09-01 00:00:00,58969.7994536059,59062.0708116667,57217.8238628753,57325.4876891906
2024-09-02 00:00:00,57326.967287785,59403.0697934676,57136.0264168139,59112.4795055389
2024-09-03 00:00:00,59106.1912871102,59815.056946191,57425.1673117413,57431.0229886572
2024-09-04 00:00:00,57430.3485733917,58511.5693214577,55673.162833355,57971.5408166853
2024-09-05 00:00:00,57971.7033213181,58300.5810225774,55712.4540885557,56160.4872644568
2024-09-06 00:00:00,56160.189464975,56976.108907217,52598.6996623841,53948.7522426374
2024-09-07 00:00:00,53949.0871537406,54838.1456716952,53740.0685364941,54139.6894492297
2024-09-08 00:00:00,54147.9325654123,55300.8596875448,53653.7592211144,54841.5663542288
2024-09-09 00:00:00,54851.8873519906,58041.1248561564,54598.4337284331,57019.5347575706
2024-09-10 00:00:00,57020.0984145732,58029.9774360464,56419.4128526596,57648.7124094767
2024-09-11 00:00:00,57650.2890706235,57991.3205126863,55567.3412852397,57343.1705364168
2024-09-12 00:00:00,57343.1725885899,58534.3583794247,57330.1007544746,58127.010836944
2024-09-13 00:00:00,58130.3224813667,60648.0242696995,57650.111670673,60571.2991585945
2024-09-14 00:00:00,60569.1162343064,60656.7211280316,59517.8819333016,60005.1191557571
2024-09-15 00:00:00,60000.7283175086,60381.9166672998,58696.3094180022,59182.8353338828
2024-09-16 00:00:00,59185.22685956,59205.5103578251,57501.3391727673,58192.5068714421
2024-09-17 00:00:00,58192.5093438557,61316.0913839546,57628.0717661941,60308.5375947655
2024-09-18 00:00:00,60309.0018795135,61664.0673338615,59218.2524421004,61649.6787266514
2024-09-19 00:00:00,61651.1553381713,63872.4407220416,61609.8670214546,62940.456765714
2024-09-20 00:00:00,62941.4275952191,64119.530359621,62364.6065332085,63192.975082876
2024-09-21 00:00:00,63184.3412676027,63543.3601232398,62783.1053795212,63394.838742556
2024-09-22 00:00:00,63396.8035525073,63993.4231033969,62440.726268076,63648.7098902519
2024-09-23 00:00:00,63643.1020803622,64733.5576683482,62628.0786641199,63329.802386615
2024-09-24 00:00:00,63326.8412511456,64695.2154668874,62737.4179011372,64301.9672659429
2024-09-25 00:00:00,64302.5912192468,64804.5031378147,62945.3765459511,63143.1459738721
2024-09-26 00:00:00,63138.5484837603,65790.7954495908,62669.2684494504,65181.0206972443
2024-09-27 00:00:00,65180.6651400747,66480.6947101072,64852.9910891431,65790.6616497344
2024-09-28 00:00:00,65792.1819476094,66255.5318744588,65458.034501538,65887.6487821282
2024-09-29 00:00:00,65888.8952714385,66069.3458132303,65450.0143671644,65635.3081461486
2024-09-30 00:00:00,65634.6601298628,65635.052877058,62873.615868433,63329.4981294766
2024-10-01 00:00:00,63335.603583719,64110.9819990323,60189.278696888,60837.009700736
2024-10-02 00:00:00,60836.3246300866,62357.6867279553,59996.9473420048,60632.7862737945
2024-10-03 00:00:00,60632.4862350431,61469.0371479302,59878.8034256844,60759.4013268768
2024-10-04 00:00:00,60754.6251257523,62465.9907584451,60459.9398173621,62067.4774474519
2024-10-05 00:00:00,62067.6104970553,62371.0236788776,61689.5811648998,62089.9484591443
2024-10-06 00:00:00,62084.9865006411,62959.5685406335,61833.1500428486,62818.9544761374
2024-10-07 00:00:00,62819.1093330048,64443.7064117964,62152.5517077403,62236.6593684009
2024-10-08 00:00:00,62221.6451487376,63174.3062001171,61843.5636611283,62131.9678544148
2024-10-09 00:00:00,62131.7261033116,62508.8357368894,60314.6143862386,60582.1009695389
2024-10-10 00:00:00,60581.9296868773,61236.7231707069,58895.2078078197,60274.4980637861
2024-10-11 00:00:00,60275.4608346571,63400.8698799473,60046.125828387,62445.0886070974
2024-10-12 00:00:00,62444.6174061501,63448.7832440021,62443.2713529987,63193.0230702875
2024-10-13 00:00:00,63192.9435754787,63272.6529630129,62035.6366902561,62851.3749169602
2024-10-14 00:00:00,62848.3994880925,66482.4943857198,62442.1539998429,66046.1280687548
2024-10-15 00:00:00,66050.3687270292,67881.6795865567,64809.1969471504,67041.1071653338
2024-10-16 00:00:00,67042.4618218177,68375.2929488011,66758.7255092654,67612.7207776042
2024-10-17 00:00:00,67617.0795713375,67912.2076398065,66647.391211274,67399.8334924398
2024-10-18 00:00:00,67419.1087252549,68969.7469240407,67177.818198958,68418.7890489052
2024-10-19 00:00:00,68418.9766619904,68668.0058104846,68024.6382348537,68362.7331098485
2024-10-20 00:00:00,68364.1784603044,69359.0070607416,68105.7205055133,69001.7066212849
2024-10-21 00:00:00,69002.0001468977,69462.7367822244,66829.8534677336,67367.8525561409
2024-10-22 00:00:00,67360.7027255461,67801.5769977652,66581.3679788567,67361.4026645272
2024-10-23 00:00:00,67362.3744214737,67402.744623551,65188.0352924195,66432.1982471759
2024-10-24 00:00:00,66653.7041571813,68798.9619867211,66454.0995567515,68161.053337619
2024-10-25 00:00:00,68165.2973724389,68722.1594927425,65521.7934506881,66642.4107304263
2024-10-26 00:00:00,66628.7370038706,67317.9181596119,66360.5955044004,67014.6977283094
2024-10-27 00:00:00,67023.4794186223,68221.3147408775,66847.223099558,67929.298795622
2024-10-28 00:00:00,67922.6742726804,70212.2690406726,67535.1310128429,69907.7546738921
2024-10-29 00:00:00,69910.0453659464,73577.2096582116,69729.9178301829,72720.4935748749
2024-10-30 00:00:00,72715.366485431,72905.2985200754,71411.7350339885,72339.5421808449
2024-10-31 00:00:00,72335.0440826332,72662.3097987825,69590.5028708254,70215.1856325839
2024-11-01 00:00:00,70216.8969678825,71559.0165698806,68779.7003414485,69482.4698507967
2024-11-02 00:00:00,69486.0239046236,69867.3518537627,69033.7222580968,69289.276665623
2024-11-03 00:00:00,69296.3820562098,69361.6580037475,67482.5254366951,68741.1154919735
2024-11-04 00:00:00,68742.1346678016,69433.1764178494,66803.649995796,67811.5091418451
2024-11-05 00:00:00,67811.1743325914,70522.7868214104,67458.8696770123,69359.5661661779
2024-11-06 00:00:00,69358.5019894605,76460.1533724237,69322.0318962876,75639.0779464884
2024-11-07 00:00:00,75637.0849735144,76943.1180221876,74480.4193106694,75904.8584618969
2024-11-08 00:00:00,75902.832566501,77252.7476648638,75648.741198608,76545.4766431325
2024-11-09 00:00:00,76556.1911313233,76932.7639895921,75773.788516772,76778.8677516165
2024-11-10 00:00:00,76775.5438015685,81474.4238878783,76565.429933246,80474.185602194
2024-11-11 00:00:00,80471.4131920498,89604.4978355824,80283.2476219227,88701.488084206
2024-11-12 00:00:00,88705.5644865659,89956.882361506,85155.1115052484,87955.8098216397
2024-11-13 00:00:00,87929.9667732448,93434.3553403447,86256.9319678433,90584.1666733787
2024-11-14 00:00:00,90574.8820553752,91765.221369439,86682.8158227338,87250.4312745932
2024-11-15 00:00:00,87284.1830981024,91868.744436111,87124.9008601843,91066.0069552759
2024-11-16 00:00:00,91064.3662256104,91763.9478843873,90094.2253690597,90558.4752358199
2024-11-17 00:00:00,90558.4631117088,91433.04050285,88741.6658321694,89845.8512088281
2024-11-18 00:00:00,89843.7154789328,92596.7889194348,89393.5905739655,90542.6439962666
2024-11-19 00:00:00,90536.8115264555,94002.8701076919,90426.9853808707,92343.7920549007
2024-11-20 00:00:00,92341.8941573535,94902.0235761485,91619.4963973839,94339.4950270085
2024-11-21 00:00:00,94334.6432809324,99014.214912061,94132.6009666759,98504.7275898154
2024-11-22 00:00:00,98496.4294867186,99655.5010786335,97222.6670416634,98997.662080436
2024-11-23 00:00:00,99006.7422747472,99014.6778634921,97232.893115107,97777.279763055
2024-11-24 00:00:00,97778.0973586439,98647.1775807062,95788.0769955707,98013.8209078789
2024-11-25 00:00:00,98033.4427003163,98935.0318069042,92642.9148612771,93102.2952135852
2024-11-26 00:00:00,93087.2799915931,94991.7499693653,90770.8150406524,91985.3168304103
2024-11-27 00:00:00,91978.1385818315,97361.1819357048,91778.6612119403,95962.5284193169
2024-11-28 00:00:00,95954.9448816703,96650.2037683052,94677.3542961871,95652.4651587091
2024-11-29 00:00:00,95653.9525935763,98693.1681672557,95407.8863720956,97461.5237129843
2024-11-30 00:00:00,97468.8124452958,97499.3424017154,96144.2198283204,96449.0558127732
2024-12-01 00:00:00,96461.3368002386,97888.1272696056,95770.1844650506,97279.7929223558
2024-12-02 00:00:00,97276.0101170567,98152.5982470177,94482.8633434321,95865.3016323752
2024-12-03 00:00:00,95854.5974342939,96297.2000609749,93629.5598937809,96002.162144032
2024-12-04 00:00:00,95988.5287123714,99207.3250728128,94660.5232511768,98768.5275553455
2024-12-05 00:00:00,98741.5393815507,103900.4721472336,91998.781701436,96593.5722722098
2024-12-06 00:00:00,97074.2248322286,102039.8817958907,96514.8760817966,99920.7147303285
2024-12-07 00:00:00,99916.7144638641,100563.3797510387,99030.8864921902,99923.3366192646
2024-12-08 00:00:00,99921.9167967171,101399.9887089246,98771.5141679393,101236.0131403532
2024-12-09 00:00:00,101237.0615213342,101272.5042134275,94355.9110419722,97432.7212603679
2024-12-10 00:00:00,97441.2344664559,98270.1527701471,94321.25879199,96675.4335399369
2024-12-11 00:00:00,96656.0616181213,101913.3624657153,95747.2288650111,101173.0326451109
2024-12-12 00:00:00,101167.8070043369,102524.9102753456,99339.9499287061,100042.9979150116
2024-12-13 00:00:00,100046.6505381214,101888.8084089508,99233.2780486758,101459.2544012685
2024-12-14 00:00:00,101451.4399501803,102618.8845754313,100634.0575481614,101372.9660786534
2024-12-15 00:00:00,101373.5329606796,105047.5418842031,101227.0277929951,104298.6957979219
2024-12-16 00:00:00,104293.5764606967,107780.5795522059,103322.9828188519,106029.7205860963
2024-12-17 00:00:00,106030.6905824521,108268.4470804361,105291.7378675813,106140.5982384302
2024-12-18 00:00:00,106147.2952596834,106470.6063648963,100041.5427029048,100041.5427029048
2024-12-19 00:00:00,100070.6874289428,102748.1508466264,95587.6815019394,97490.949982775
2024-12-20 00:00:00,97484.6973095173,98098.9113051982,92175.1804504625,97755.9301603751
2024-12-21 00:00:00,97756.1922018157,99507.0985909185,96426.5207387424,97224.7263442974
2024-12-22 00:00:00,97218.3182689266,97360.2647012436,94202.1862477336,95104.9343710597
2024-12-23 00:00:00,95099.3919548289,96416.2139282978,92403.1313832204,94686.2394384325
2024-12-24 00:00:00,94684.3475533376,99404.0613248691,93448.0139404195,98676.0973968281
2024-12-25 00:00:00,98675.9108627628,99478.7490158499,97593.470165093,99299.1927492124
2024-12-26 00:00:00,99297.6970087846,99884.57216657,95137.8852950566,95795.5165975983
2024-12-27 00:00:00,95704.9745862557,97294.8464204259,93310.7438042296,94164.8603483526
